Question,Oprion 1,Option 2,Option 3,Option 4,Answer,Question_type,Diagram
&lt;p&gt;&amp;nbsp; &amp;nbsp; &amp;nbsp;The Standard unit for mass is:&lt;/p&gt;&lt;p&gt;&amp;nbsp;&lt;/p&gt;,&lt;p&gt;&amp;nbsp; gram&lt;/p&gt;,&lt;p&gt;&amp;nbsp; pound&lt;/p&gt;,&lt;p&gt;kilogram&lt;/p&gt;,&lt;p&gt;ounce&lt;/p&gt;,3,1,
&lt;p&gt;&amp;nbsp; &amp;nbsp; &amp;nbsp; Physical quantities obtained by combining two or more basic quantities are termed;&lt;/p&gt;&lt;p&gt;&amp;nbsp;&lt;/p&gt;&lt;p&gt;&amp;nbsp;&lt;/p&gt;&lt;p&gt;&amp;nbsp;&lt;/p&gt;,&lt;p&gt;Derived&lt;/p&gt;,&lt;p&gt;Merged&lt;/p&gt;,&lt;p&gt;combined&lt;/p&gt;,&lt;p&gt;Fundamental&lt;/p&gt;,1,1,
&lt;p&gt;&amp;nbsp; &amp;nbsp; &amp;nbsp; The SI standard of time is based on:&lt;/p&gt;&lt;p&gt;&amp;nbsp;&lt;/p&gt;,&lt;p&gt;the daily rotation of the earth&lt;/p&gt;,&lt;p&gt;the frequency of light emitted by Kr&lt;sup&gt;86&lt;/sup&gt;&lt;/p&gt;,&lt;p&gt;&amp;nbsp; the yearly revolution of the earth about the sun&lt;/p&gt;,&lt;p&gt;none of these&lt;/p&gt;,4,1,
&lt;p&gt;&amp;nbsp; &amp;nbsp; &amp;nbsp; A nanosecond is:&lt;/p&gt;&lt;p&gt;.&amp;nbsp;&lt;/p&gt;&lt;p&gt;&lt;b&gt;&amp;nbsp;&lt;/b&gt;&lt;/p&gt;,&lt;p&gt;&amp;nbsp; 10&lt;sup&gt;9&lt;/sup&gt; s&lt;/p&gt;,&lt;p&gt;10&lt;sup&gt;&amp;minus;9&lt;/sup&gt;&lt;b&gt; s&lt;/b&gt;&lt;/p&gt;,&lt;p&gt;10&lt;sup&gt;&amp;minus;10&lt;/sup&gt; s&lt;/p&gt;,&lt;p&gt;&amp;nbsp;10&lt;sup&gt;&amp;minus;10&lt;/sup&gt; s&lt;/p&gt;,2,1,
"&lt;p&gt;&amp;nbsp; &amp;nbsp; &amp;nbsp; For each equation, there must be consistency in the dimension of its parameters&lt;/p&gt;",&lt;p&gt;. False&lt;/p&gt;,&lt;p&gt;True&lt;/p&gt;,,,2,1,
&lt;p&gt;. What will be the velocity vector of a particle moving in a circle describing equal angles in equal times&lt;/p&gt;,&lt;p&gt;Changes in direction&lt;/p&gt;,&lt;p&gt;Remains constant&lt;/p&gt;,&lt;p&gt;Changes in magnitude&lt;/p&gt;,&lt;p&gt;Changes both in direction and magnitude&lt;/p&gt;,1,1,
&lt;p&gt;A body moves with a constant speed in a circular path is moving in a circular path with a constant speed. It has&lt;/p&gt;&lt;p&gt;&amp;nbsp;&lt;/p&gt;,&lt;p&gt;Constant velocity&lt;/p&gt;,&lt;p&gt;Acceleration of constant magnitude&lt;/p&gt;,&lt;p&gt;Constant acceleration&lt;/p&gt;,&lt;p&gt;An acceleration which varies with time&lt;/p&gt;,2,1,
&lt;p&gt;A motorcyclist going with a constant speed in a circular track has&lt;/p&gt;&lt;p&gt;&amp;nbsp;&lt;/p&gt;,&lt;p&gt;Linear velocity is constant&lt;/p&gt;,&lt;p&gt;Constant acceleration&lt;/p&gt;,&lt;p&gt;Angular velocity is constant&lt;/p&gt;,&lt;p&gt;Constant force&lt;/p&gt;,3,1,
&lt;p&gt;What could be the reason a car moving on a horizontal road gets thrown out of the road while taking a turn&lt;/p&gt;&lt;p&gt;&amp;nbsp;&lt;/p&gt;,&lt;p&gt;Due to the reaction of the ground&lt;/p&gt;,&lt;p&gt;Due to rolling frictional force between tyre and road&lt;/p&gt;,&lt;p&gt;By the gravitational force&lt;/p&gt;,&lt;p&gt;Due to lack of sufficient centripetal force&lt;/p&gt;,4,1,
&lt;p&gt;If a particle moves with constant angular velocity in a circle then during the motion its&lt;/p&gt;&lt;p&gt;&amp;nbsp;&lt;/p&gt;,&lt;p&gt;Momentum is conserved&lt;/p&gt;,&lt;p&gt;Energy is conserved&lt;/p&gt;,&lt;p&gt;Both energy and momentum is conserved&lt;/p&gt;,&lt;p&gt;one of the above is conserved&lt;/p&gt;,2,1,
"&lt;p&gt;A stone tied to a string is rotated in a circle. If the string is cut, the stone flies away from the circle because&lt;/p&gt;&lt;p&gt;&amp;nbsp;&lt;/p&gt;",&lt;p&gt;A centrifugal force acts on the stone&lt;/p&gt;,&lt;p&gt;Of its inertia&lt;/p&gt;,&lt;p&gt;A centripetal force acts on the stone&lt;/p&gt;,&lt;p&gt;The reaction of the centripetal force&lt;/p&gt;,2,1,
"&lt;p&gt;A body moves with a constant speed along a circle. Then,&lt;/p&gt;&lt;p&gt;&amp;nbsp;&lt;/p&gt;",&lt;p&gt;No work is done on it&lt;/p&gt;,&lt;p&gt;There is no acceleration produced in the body&lt;/p&gt;,&lt;p&gt;No force acts on the body&lt;/p&gt;,&lt;p&gt;The body has constant velocity&lt;/p&gt;,1,1,
&lt;p&gt;A tachometer is a device to measure&lt;/p&gt;&lt;p&gt;&amp;nbsp;&lt;/p&gt;,&lt;p&gt;Gravitational pull&lt;/p&gt;,&lt;p&gt;Speed of rotation&lt;/p&gt;,&lt;p&gt;Surface tension&lt;/p&gt;,&lt;p&gt;Tension in a spring&lt;/p&gt;,2,1,
"&lt;p&gt;Circular motion is found in many situations, such as&lt;/p&gt;&lt;p&gt;.&lt;/p&gt;",&lt;p&gt;wheelchair&lt;/p&gt;,&lt;p&gt;train&lt;/p&gt;,&lt;p&gt;gunshot&lt;/p&gt;,&lt;p&gt;throwing stone&lt;/p&gt;,1,1,
&lt;p&gt;Assume that the body has a perfectly definite and unchanging shape and size. We call this idealized model a&lt;/p&gt;,&lt;p&gt;tough body&lt;/p&gt;,&lt;p&gt;rigid body.&lt;/p&gt;,&lt;p&gt;rough body&lt;/p&gt;,&lt;p&gt;smooth body&lt;/p&gt;,2,1,
&lt;p&gt;Assume that the body has a perfectly definite and unchanging shape and size. We call this idealized model a&lt;/p&gt;,&lt;p&gt;tough body&lt;/p&gt;,&lt;p&gt;rigid body.&lt;/p&gt;,&lt;p&gt;rough body&lt;/p&gt;,&lt;p&gt;smooth body&lt;/p&gt;,2,1,
"&lt;p&gt;To describe rotational motion, the most natural way to measure the angle is not in degrees, but in&lt;/p&gt;&lt;p&gt;&amp;nbsp;&lt;/p&gt;",&lt;p&gt;Celcious&lt;/p&gt;,&lt;p&gt;Kelvin&lt;/p&gt;,&lt;p&gt;Radian&lt;/p&gt;,&lt;p&gt;Newton&lt;/p&gt;,3,1,
&lt;p&gt;Hooke&amp;rsquo;s law is valid&lt;/p&gt;&lt;p&gt;&amp;nbsp;&lt;/p&gt;,&lt;p&gt;only above elastic limit&lt;/p&gt;,&lt;p&gt;only within elastic limit&lt;/p&gt;,&lt;p&gt;only within plastic limit&lt;/p&gt;,&lt;p&gt;breaking of substance&lt;/p&gt;,2,1,
&lt;p&gt;Which of the following statements is incorrect?&lt;/p&gt;&lt;p&gt;&amp;nbsp;&lt;/p&gt;&lt;p&gt;&amp;nbsp;&lt;/p&gt;,&lt;p&gt;Stress is directly proportional to strain within elastic limit&lt;/p&gt;,&lt;p&gt;The stress is force per unit area&lt;/p&gt;,&lt;p&gt;Hook&amp;rsquo;s law hold good up to the breaking point&lt;/p&gt;,&lt;p&gt;The ratio of linear stress to linear strain is called Young&amp;rsquo;s Modulus.&lt;/p&gt;,1,1,
&lt;p&gt;Hooke&amp;rsquo;s law holds good upto&lt;/p&gt;&lt;p&gt;&amp;nbsp;&lt;/p&gt;&lt;p&gt;&amp;nbsp;&lt;/p&gt;,&lt;p&gt;Elastic limit&lt;/p&gt;,&lt;p&gt;Upper yield point&lt;/p&gt;,&lt;p&gt;Plastic limit&lt;/p&gt;,&lt;p&gt;Lower yield point&lt;/p&gt;,1,1,
&lt;p&gt;The property of a material by which it returns partially or completely to its initial shape after unloading is called&lt;/p&gt;&lt;p&gt;&amp;nbsp;&amp;nbsp;&amp;nbsp;&amp;nbsp;&amp;nbsp;&amp;nbsp;&amp;nbsp;&amp;nbsp;&amp;nbsp;&amp;nbsp;&amp;nbsp;&amp;nbsp;&amp;nbsp;&amp;nbsp;&amp;nbsp;&amp;nbsp;&amp;nbsp;&amp;nbsp;&amp;nbsp;&amp;nbsp;&amp;nbsp;&amp;nbsp;&amp;nbsp;&amp;nbsp;&amp;nbsp;&amp;nbsp;&amp;nbsp;&amp;nbsp;&amp;nbsp;&amp;nbsp;&amp;nbsp;&amp;nbsp;&amp;nbsp;&lt;/p&gt;&lt;p&gt;&amp;nbsp;&lt;/p&gt;,&lt;p&gt;Proportional limit&lt;/p&gt;,&lt;p&gt;Elastic limit&lt;/p&gt;,&lt;p&gt;Plastic limit&lt;/p&gt;,&lt;p&gt;Yield stress&lt;/p&gt;,2,1,
&lt;p&gt;The stress at which extension of a material takes place more quickly as compared to the increase in load is called&lt;/p&gt;&lt;p&gt;&amp;nbsp;&lt;/p&gt;&lt;p&gt;&amp;nbsp;&lt;/p&gt;,&lt;p&gt;Elastic point&lt;/p&gt;,&lt;p&gt;Plastic point&lt;/p&gt;,&lt;p&gt;Breaking point&lt;/p&gt;,&lt;p&gt;Yielding point&lt;/p&gt;,4,1,
&lt;p&gt;&amp;nbsp;If two objects are in thermal equilibrium with each other:&lt;/p&gt;&lt;p&gt;&amp;nbsp;&amp;nbsp; &amp;nbsp;&amp;nbsp;&amp;nbsp;&amp;nbsp;&amp;nbsp;&amp;nbsp;&amp;nbsp;&amp;nbsp;&amp;nbsp;&amp;nbsp;&amp;nbsp;&amp;nbsp;&lt;/p&gt;,&lt;p&gt;they cannot be moving&lt;/p&gt;,&lt;p&gt;they cannot be undergoing an elastic collision&lt;/p&gt;,&lt;p&gt;they cannot have different pressures&lt;/p&gt;,&lt;p&gt;they cannot be at different temperatures&lt;/p&gt;,4,1,
&lt;p&gt;&amp;nbsp;Suppose object C is in thermal equilibrium with object A and with object B. The zeroth law of thermodynamics states:&lt;/p&gt;&lt;p&gt;&amp;nbsp;&amp;nbsp;&amp;nbsp; &amp;nbsp;&amp;nbsp;&amp;nbsp;&amp;nbsp;&amp;nbsp;&amp;nbsp;&amp;nbsp;&amp;nbsp;&amp;nbsp;&amp;nbsp;&amp;nbsp;&lt;/p&gt;,&lt;p&gt;that C will always be in thermal equilibrium with both A and B&lt;/p&gt;,&lt;p&gt;that C must transfer energy to both A and B&lt;/p&gt;,&lt;p&gt;that A is in thermal equilibrium with B&lt;/p&gt;,&lt;p&gt;that A cannot be in thermal equilibrium with B&lt;/p&gt;,3,1,
&lt;p&gt;The zeroth law of thermodynamics allows us to define:&lt;/p&gt;&lt;p&gt;&amp;nbsp;&lt;/p&gt;,&lt;p&gt;work&lt;/p&gt;,&lt;p&gt;pressure&lt;/p&gt;,&lt;p&gt;temperature&lt;/p&gt;,&lt;p&gt;thermal equilibrium&lt;/p&gt;,3,1,
"&lt;p&gt;If the zeroth law of thermodynamics were not valid, which of the following could not be considered a property of an object?&lt;/p&gt;&lt;p&gt;&amp;nbsp;&lt;/p&gt;",&lt;p&gt;Pressure&lt;/p&gt;,&lt;p&gt;Temperature&lt;/p&gt;,&lt;p&gt;Internal energy&lt;/p&gt;,&lt;p&gt;Momentum&lt;/p&gt;,2,1,
&lt;p&gt;In constructing a thermometer it is essential to use a substance that:&lt;/p&gt;&lt;p&gt;&amp;nbsp;&lt;/p&gt;,&lt;p&gt;expands with rising temperature&lt;/p&gt;,&lt;p&gt;expands linearly with rising temperature&lt;/p&gt;,&lt;p&gt;will not freeze&lt;/p&gt;,&lt;p&gt;undergoes some change when heated or cooled&lt;/p&gt;,4,1,
&lt;p&gt;The &amp;ldquo;triple point&amp;rdquo; of a substance is that point for which the temperature and pressure are such that:&lt;/p&gt;&lt;p&gt;&amp;nbsp;&lt;/p&gt;,&lt;p&gt;only solid and liquid are in equilibrium&lt;/p&gt;,&lt;p&gt;only liquid and vapor are in equilibrium&lt;/p&gt;,&lt;p&gt;only solid and vapor are in equilibrium&lt;/p&gt;,"&lt;p&gt;solid, liquid, and vapor are all in equilibrium&lt;/p&gt;",4,1,
&lt;p&gt;There is a temperature at which the reading on the Kelvin scale is numerically:&lt;/p&gt;&lt;p&gt;&amp;nbsp;&lt;/p&gt;,&lt;p&gt;equal to that on the Celsius scale&lt;/p&gt;,&lt;p&gt;lower than that on the Celsius scale&lt;/p&gt;,&lt;p&gt;equal to that on the Fahrenheit scale&lt;/p&gt;,&lt;p&gt;less than zero&lt;/p&gt;,3,1,
&lt;p&gt;Room temperature is about 20 degrees on the:&lt;/p&gt;&lt;p&gt;&amp;nbsp;&lt;/p&gt;,&lt;p&gt;&amp;nbsp;Kelvin scale&lt;/p&gt;,&lt;p&gt;Celsius scale&lt;/p&gt;,&lt;p&gt;Fahrenheit scale&lt;/p&gt;,&lt;p&gt;Absolute scale&lt;/p&gt;,2,1,
&lt;p&gt;A thermometer indicates 98.6&lt;sup&gt;◦ &lt;/sup&gt;C. It may be:&lt;/p&gt;&lt;p&gt;&amp;nbsp;&lt;/p&gt;,&lt;p&gt;outdoors on a cold day&lt;/p&gt;,&lt;p&gt;in a comfortable room&lt;/p&gt;,&lt;p&gt;in a cup of hot tea&lt;/p&gt;,&lt;p&gt;in a normal person&amp;rsquo;s mouth&lt;/p&gt;,3,1,
&lt;p&gt;The two metallic strips that constitute some thermostats must differ in:&lt;/p&gt;&lt;p&gt;&amp;nbsp;&lt;/p&gt;,&lt;p&gt;&amp;nbsp;length&lt;/p&gt;,&lt;p&gt;thickness&lt;/p&gt;,&lt;p&gt;coefficient of linear expansion&lt;/p&gt;,&lt;p&gt;rate at which they conduct heat&lt;/p&gt;,3,1,
&lt;p&gt;Thin strips of iron and zinc are riveted together to form a bimetallic strip that bends when&lt;/p&gt;&lt;p&gt;heated. The iron is on the inside of the bend because:&lt;/p&gt;&lt;p&gt;&amp;nbsp;&lt;/p&gt;,&lt;p&gt;it has a higher coefficient of linear expansion&lt;/p&gt;,&lt;p&gt;it has a lower coefficient of linear expansion&lt;/p&gt;,&lt;p&gt;it has a higher specific heat&lt;/p&gt;,&lt;p&gt;it has a lower specific heat&lt;/p&gt;,2,1,
&lt;p&gt;It is more difficult to measure the coefficient of volume expansion of a liquid than that of a solid because:&lt;/p&gt;&lt;p&gt;&amp;nbsp;&lt;/p&gt;,&lt;p&gt;no relation exists between linear and volume expansion coefficients&lt;/p&gt;,&lt;p&gt;the containing vessel also expands&lt;/p&gt;,&lt;p&gt;a liquid expands too much when heated&lt;/p&gt;,&lt;p&gt;a liquid expands too little when heated&lt;/p&gt;,2,1,
&lt;p&gt;Possible units for the coefficient of volume expansion are:&lt;/p&gt;&lt;p&gt;&amp;nbsp;&lt;/p&gt;,&lt;p&gt;mm/&lt;sup&gt;0&lt;/sup&gt;C&lt;/p&gt;,&lt;p&gt;mm&lt;sup&gt;3&lt;/sup&gt;/C&lt;/p&gt;,&lt;p&gt;1/&lt;sup&gt;0&lt;/sup&gt;C&lt;/p&gt;,&lt;p&gt;1/(&lt;sup&gt;0&lt;/sup&gt;C)&lt;sup&gt;3&lt;/sup&gt;&lt;/p&gt;,3,1,
&lt;p&gt;Heat is:&lt;/p&gt;&lt;p&gt;&amp;nbsp;&lt;/p&gt;,&lt;p&gt;energy transferred by virtue of a temperature difference&lt;/p&gt;,&lt;p&gt;energy transferred by macroscopic work&lt;/p&gt;,&lt;p&gt;energy content of an object&lt;/p&gt;,&lt;p&gt;a temperature difference&lt;/p&gt;,1,1,
&lt;p&gt;Heat has the same units as:&lt;/p&gt;&lt;p&gt;&amp;nbsp;&lt;/p&gt;,&lt;p&gt;temperature&lt;/p&gt;,&lt;p&gt;work&lt;/p&gt;,&lt;p&gt;Specific heat capacity&lt;/p&gt;,&lt;p&gt;heat capacity&lt;/p&gt;,2,1,
&lt;p&gt;The heat capacity of an object is:&lt;/p&gt;&lt;p&gt;&amp;nbsp;&lt;/p&gt;,&lt;p&gt;&amp;nbsp;the amount of heat energy that raises its temperature by 1&lt;sup&gt;0&lt;/sup&gt;C&lt;/p&gt;,&lt;p&gt;the amount of heat energy that changes its state without changing its temperature&lt;/p&gt;,&lt;p&gt;the amount of heat energy per kilogram that raises its temperature by 1&lt;sup&gt;0&lt;/sup&gt;C&lt;/p&gt;,&lt;p&gt;All of the above.&lt;/p&gt;,1,1,
&lt;p&gt;The specific heat of a substance is:&lt;/p&gt;&lt;p&gt;&amp;nbsp;&lt;/p&gt;,&lt;p&gt;the amount of heat energy to change the state of one gram of the substance&lt;/p&gt;,&lt;p&gt;the amount of heat energy per unit mass emitted by oxidizing the substance&lt;/p&gt;,&lt;p&gt;the amount of heat energy per unit mass to raise the substance from its freezing to its boiling point&lt;/p&gt;,&lt;p&gt;the amount of heat energy per unit mass to raise the temperature of the substance by 1 &lt;sup&gt;0&lt;/sup&gt;C&lt;/p&gt;,4,1,
&lt;p&gt;A heat of transformation of a substance is:&lt;/p&gt;&lt;p&gt;&amp;nbsp;&lt;/p&gt;,&lt;p&gt;the energy absorbed as heat during a phase transformation&lt;/p&gt;,&lt;p&gt;the energy per unit mass absorbed as heat during a phase transformation&lt;/p&gt;,&lt;p&gt;the same as the heat capacity&lt;/p&gt;,&lt;p&gt;the same as the specific heat&lt;/p&gt;,2,1,
&lt;p&gt;The heat of fusion of water is cal/g. This means 80 cal of energy are required to:&lt;/p&gt;&lt;p&gt;&amp;nbsp;&lt;/p&gt;,&lt;p&gt;raise the temperature of 1 g of water by 1K&lt;/p&gt;,&lt;p&gt;turn 1 g of water to steam&lt;/p&gt;,&lt;p&gt;raise the temperature of 1 g of ice by 1K&lt;/p&gt;,&lt;p&gt;melt 1 g of ice&lt;/p&gt;,4,1,
&lt;p&gt;During the time that latent heat is involved in a change of state:&lt;/p&gt;&lt;p&gt;&amp;nbsp;&lt;/p&gt;,&lt;p&gt;the temperature does not change&lt;/p&gt;,&lt;p&gt;the substance always expands&lt;/p&gt;,&lt;p&gt;a chemical reaction takes place&lt;/p&gt;,&lt;p&gt;molecular activity remains constant&lt;/p&gt;,1,1,
&lt;p&gt;The formation of ice from water is accompanied by:&lt;/p&gt;&lt;p&gt;&amp;nbsp;&lt;/p&gt;&lt;p&gt;&amp;nbsp;&lt;/p&gt;&lt;p&gt;&amp;nbsp;&lt;/p&gt;,&lt;p&gt;absorption of energy as heat&lt;/p&gt;,&lt;p&gt;temperature increase&lt;/p&gt;,&lt;p&gt;decrease in volume&lt;/p&gt;,&lt;p&gt;an evolution of heat&lt;/p&gt;,1,1,
"&lt;p&gt;On heating a liquid of coefficient of cubical expansion  in a container having coefficient of linear expansion &amp;alpha;/3, the level of liquid in the container will&lt;/p&gt;&lt;p&gt;&amp;nbsp;&lt;/p&gt;",&lt;p&gt;rise&lt;/p&gt;,&lt;p&gt;fall&lt;/p&gt;,&lt;p&gt;remain almost the same&lt;/p&gt;,&lt;p&gt;none of the above&lt;/p&gt;,3,1,
&lt;p&gt;The gas thermometers are more sensitive than the liquid thermometers because gases&lt;/p&gt;&lt;p&gt;&amp;nbsp;&lt;/p&gt;,&lt;p&gt;expand more than liquids&lt;/p&gt;,&lt;p&gt;do not change their states easily&lt;/p&gt;,&lt;p&gt;are much lighter&lt;/p&gt;,&lt;p&gt;are easy to obtain&lt;/p&gt;,1,1,
&lt;p&gt;The temperature of a gas is measured with a&lt;/p&gt;&lt;p&gt;.&lt;/p&gt;,&lt;p&gt;platinum resistance thermometer&lt;/p&gt;,&lt;p&gt;pyrometer&lt;/p&gt;,&lt;p&gt;gas thermometer&lt;/p&gt;,&lt;p&gt;vapour pressure thermometer&lt;/p&gt;,2,1,
&lt;p&gt;Device used to measure very high temperature is&lt;/p&gt;&lt;p&gt;&amp;nbsp;&lt;/p&gt;,&lt;p&gt;Pyrometer&lt;/p&gt;,&lt;p&gt;Thermometer&lt;/p&gt;,&lt;p&gt;Bolometer&lt;/p&gt;,&lt;p&gt;Calorimeter&lt;/p&gt;,1,1,
&lt;p&gt;A mercury thermometer can be easily identify by the presence of&lt;/p&gt;&lt;p&gt;&amp;nbsp;&amp;nbsp;&amp;nbsp;&amp;nbsp;&amp;nbsp;&amp;nbsp;&amp;nbsp;&amp;nbsp;&amp;nbsp;&amp;nbsp;&amp;nbsp;&lt;/p&gt;,&lt;p&gt;Silver bulb&lt;/p&gt;,&lt;p&gt;Alcohol&lt;/p&gt;,&lt;p&gt;Mercury&lt;/p&gt;,&lt;p&gt;All of the above&lt;/p&gt;,1,1,
&lt;p&gt;A mercury thermometer can be easily identify by the presence of&lt;/p&gt;&lt;p&gt;&amp;nbsp;&amp;nbsp;&amp;nbsp;&amp;nbsp;&amp;nbsp;&amp;nbsp;&amp;nbsp;&amp;nbsp;&amp;nbsp;&amp;nbsp;&amp;nbsp;&lt;/p&gt;,&lt;p&gt;Silver bulb&lt;/p&gt;,&lt;p&gt;Alcohol&lt;/p&gt;,&lt;p&gt;Mercury&lt;/p&gt;,&lt;p&gt;All of the above&lt;/p&gt;,1,1,
&lt;p&gt;Most objects expands as their temperature&lt;/p&gt;&lt;p&gt;&amp;nbsp;&amp;nbsp;&amp;nbsp;&amp;nbsp;&amp;nbsp;&amp;nbsp;&amp;nbsp;&amp;nbsp;&amp;nbsp;&amp;nbsp;&lt;/p&gt;,&lt;p&gt;Decreases&lt;/p&gt;,&lt;p&gt;Increases&lt;/p&gt;,&lt;p&gt;All of the above&lt;/p&gt;,&lt;p&gt;None of the above&lt;/p&gt;,2,1,
&lt;p&gt;Volume expansion is noticeable in&lt;/p&gt;&lt;p&gt;&amp;nbsp;&amp;nbsp;&amp;nbsp;&amp;nbsp;&amp;nbsp;&amp;nbsp;&amp;nbsp;&amp;nbsp;&amp;nbsp;&amp;nbsp;&amp;nbsp;&lt;/p&gt;,&lt;p&gt;solid&lt;/p&gt;,&lt;p&gt;Gases&lt;/p&gt;,&lt;p&gt;Liquid&lt;/p&gt;,&lt;p&gt;Plasma&lt;/p&gt;,3,1,
&lt;p&gt;Which of the following is &lt;b&gt;NOT&lt;/b&gt; a temperature scale&lt;/p&gt;&lt;p&gt;&amp;nbsp;&amp;nbsp;&amp;nbsp;&amp;nbsp;&amp;nbsp;&amp;nbsp;&amp;nbsp;&amp;nbsp;&amp;nbsp;&amp;nbsp;&amp;nbsp;&lt;/p&gt;,&lt;p&gt;Kelvin&lt;/p&gt;,&lt;p&gt;Fahrenheit&lt;/p&gt;,&lt;p&gt;Joule&lt;/p&gt;,&lt;p&gt;Celsius&lt;/p&gt;,3,1,
&lt;p&gt;Device used to measure heat is&lt;/p&gt;&lt;p&gt;&amp;nbsp;&lt;/p&gt;,&lt;p&gt;Pyrometer&lt;/p&gt;,&lt;p&gt;Thermometer&lt;/p&gt;,&lt;p&gt;Bolometer&lt;/p&gt;,&lt;p&gt;Calorimeter&lt;/p&gt;,4,1,
&lt;p&gt;Zeroth law of thermodynamics deals with -------------&lt;/p&gt;&lt;p&gt;&amp;nbsp;&amp;nbsp;&amp;nbsp;&amp;nbsp;&amp;nbsp;&amp;nbsp;&amp;nbsp;&amp;nbsp;&lt;/p&gt;,&lt;p&gt;. Conversion of mass and energy&amp;nbsp;&amp;nbsp;&amp;nbsp;&amp;nbsp;&lt;/p&gt;,&lt;p&gt;&amp;nbsp; Reversible and irreversible processes&lt;/p&gt;,&lt;p&gt;Objects in thermal equilibrium&amp;nbsp;&lt;/p&gt;,&lt;p&gt;Principle of conseversion of energy&lt;/p&gt;,3,1,
&lt;p&gt;Both heat and temperature are&lt;/p&gt;&lt;p&gt;&amp;nbsp;&amp;nbsp;&amp;nbsp;&amp;nbsp;&amp;nbsp;&amp;nbsp;&amp;nbsp;&amp;nbsp;&amp;nbsp;&amp;nbsp;&lt;/p&gt;,&lt;p&gt;Scalar quantity&lt;/p&gt;,&lt;p&gt;Vector quantity&lt;/p&gt;,&lt;p&gt;Scalar and vector quantity&lt;/p&gt;,&lt;p&gt;All of the above&lt;/p&gt;,1,1,
&lt;p&gt;The change of state from solid state to liquid state is known as&lt;/p&gt;&lt;p&gt;&amp;nbsp;&amp;nbsp;&amp;nbsp;&amp;nbsp;&amp;nbsp;&amp;nbsp;&amp;nbsp;&amp;nbsp;&amp;nbsp;&lt;/p&gt;,&lt;p&gt;vaporization&lt;/p&gt;,&lt;p&gt;fusion&lt;/p&gt;,&lt;p&gt;latent heat&lt;/p&gt;,&lt;p&gt;None of the above&lt;/p&gt;,2,1,
&lt;p&gt;&amp;nbsp;Joule per kilogram per Kelvin is the unit of&lt;/p&gt;&lt;p&gt;&amp;nbsp;&amp;nbsp;&amp;nbsp;&amp;nbsp;&amp;nbsp;&amp;nbsp;&amp;nbsp;&amp;nbsp;&amp;nbsp;&lt;/p&gt;,&lt;p&gt;Heat&lt;/p&gt;,&lt;p&gt;Thermal capacity&lt;/p&gt;,&lt;p&gt;Latent heat&lt;/p&gt;,&lt;p&gt;Specific heat capacity&lt;/p&gt;,4,1,
"&lt;p&gt;In SI units a force is numerically equal to the -----------, when the force is applied to it.&lt;/p&gt;&lt;p&gt;&amp;nbsp;&lt;/p&gt;",&lt;p&gt;velocity of the standard kilogram&lt;/p&gt;,&lt;p&gt;acceleration of the standard kilogram&lt;/p&gt;,&lt;p&gt;velocity of any object&lt;/p&gt;,&lt;p&gt;speed of the standard kilogram&lt;/p&gt;,2,1,
&lt;p&gt;A newton is the force:&lt;/p&gt;&lt;p&gt;&amp;nbsp;&amp;nbsp;&amp;nbsp;&amp;nbsp;&amp;nbsp;&amp;nbsp;&amp;nbsp;&amp;nbsp;&amp;nbsp;&lt;/p&gt;,&lt;p&gt;of gravity on a 1 kg body&lt;/p&gt;,&lt;p&gt;of gravity on a 1 g body&lt;/p&gt;,&lt;p&gt;that gives a 1 kg body an acceleration of 1 m/s&lt;sup&gt;2&lt;/sup&gt;&lt;/p&gt;,&lt;p&gt;that gives a 1 kg body an acceleration of 1cm/s&lt;sup&gt;2&lt;/sup&gt;&lt;/p&gt;,3,1,
&lt;p&gt;The term &amp;ldquo;&lt;b&gt;mass&lt;/b&gt;&amp;rdquo; refers to the same physical concept as:&lt;/p&gt;&lt;p&gt;&amp;nbsp;&lt;/p&gt;,&lt;p&gt;weight&lt;/p&gt;,&lt;p&gt;inertia&lt;/p&gt;,&lt;p&gt;force&lt;/p&gt;,&lt;p&gt;acceleration&lt;/p&gt;,2,1,
&lt;p&gt;The inertia of a body tends to cause the body to:&lt;/p&gt;&lt;p&gt;&amp;nbsp;&lt;/p&gt;,&lt;p&gt;speed up&lt;/p&gt;,&lt;p&gt;slow down&lt;/p&gt;,&lt;p&gt;resist any change in its motion&lt;/p&gt;,&lt;p&gt;fall toward Earth&lt;/p&gt;,3,1,
&lt;p&gt;A car travels east at constant velocity. The net force on the car is:&lt;/p&gt;&lt;p&gt;&amp;nbsp;&lt;/p&gt;,&lt;p&gt;east&lt;/p&gt;,&lt;p&gt;west&lt;/p&gt;,&lt;p&gt;up&lt;/p&gt;,&lt;p&gt;Zero&lt;/p&gt;,4,1,
"&lt;p&gt;A book rests on a table, exerting a downward force on the table. The reaction to this force&amp;nbsp;&amp;nbsp;&amp;nbsp;&amp;nbsp; is:&lt;/p&gt;&lt;p&gt;&amp;nbsp;&lt;/p&gt;",&lt;p&gt;the force of Earth on the book&lt;/p&gt;,&lt;p&gt;the force of the table on the book&lt;/p&gt;,&lt;p&gt;the force of Earth on the table&lt;/p&gt;,&lt;p&gt;the force of the book on Earth&lt;/p&gt;,2,1,
"&lt;p&gt;A book rests on a table, exerting a downward force on the table. The reaction to this force&amp;nbsp;&amp;nbsp;&amp;nbsp;&amp;nbsp; is:&lt;/p&gt;&lt;p&gt;&amp;nbsp;&lt;/p&gt;",&lt;p&gt;the force of Earth on the book&lt;/p&gt;,&lt;p&gt;the force of the table on the book&lt;/p&gt;,&lt;p&gt;the force of Earth on the table&lt;/p&gt;,&lt;p&gt;the force of the book on Earth&lt;/p&gt;,2,1,
&lt;p&gt;The mathematical statement of Newton&amp;rsquo;s third law of motion is&amp;hellip;&amp;hellip;&amp;hellip;&amp;hellip;&amp;hellip;&amp;hellip;..&amp;nbsp;&amp;nbsp;&amp;nbsp;&lt;/p&gt;&lt;p&gt;&amp;nbsp;&lt;/p&gt;,&lt;p&gt;F&lt;sub&gt;A on B&lt;/sub&gt; = - F&lt;sub&gt;B on A&lt;/sub&gt;&amp;nbsp;&amp;nbsp;&amp;nbsp;&lt;/p&gt;,&lt;p&gt;F&lt;sub&gt;A on B&lt;/sub&gt; = F&lt;sub&gt;B on A&lt;/sub&gt;&amp;nbsp;&lt;/p&gt;,&lt;p&gt;F&lt;sub&gt;A on B&lt;/sub&gt; = F&lt;sub&gt;A on B&lt;/sub&gt;&amp;nbsp;&amp;nbsp;&amp;nbsp;&amp;nbsp;&amp;nbsp;&lt;/p&gt;,&lt;p&gt;F&lt;sub&gt;A on B&lt;/sub&gt; = ma&lt;/p&gt;,1,1,
&lt;p&gt;Impulse is defined as the &amp;hellip;&amp;hellip;&amp;hellip;&amp;hellip;&amp;hellip;&amp;hellip;&amp;hellip;&amp;hellip;. of force and &amp;hellip;&amp;hellip;&amp;hellip;&amp;hellip;&amp;hellip;&amp;hellip;..&lt;/p&gt;&lt;p&gt;&lt;b&gt;&amp;nbsp;&amp;nbsp;&amp;nbsp;&amp;nbsp;&amp;nbsp;&amp;nbsp;&amp;nbsp;&lt;/b&gt;&lt;/p&gt;,&lt;p&gt;Product/time&amp;nbsp;&amp;nbsp;&amp;nbsp;&amp;nbsp;&amp;nbsp;&lt;/p&gt;,&lt;p&gt;&amp;nbsp; product/distance&amp;nbsp;&amp;nbsp;&amp;nbsp;&lt;/p&gt;,&lt;p&gt;&amp;nbsp; sum/time&amp;nbsp;&amp;nbsp;&amp;nbsp;&amp;nbsp;&amp;nbsp;&lt;/p&gt;,&lt;p&gt;sum/distance&lt;/p&gt;,1,1,
&lt;p&gt;The &amp;ldquo;reaction&amp;rdquo; force does not cancel the &amp;ldquo;action&amp;rdquo; force because:&lt;/p&gt;&lt;p&gt;&amp;nbsp;&lt;/p&gt;,&lt;p&gt;the action force is greater than the reaction force&lt;/p&gt;,&lt;p&gt;they are on different bodies&lt;/p&gt;,&lt;p&gt;they are in the same direction&lt;/p&gt;,&lt;p&gt;the reaction force exists only after the action force is removed&lt;/p&gt;,2,1,
"&lt;p&gt;A man pulls a sled along a rough horizontal surface by applying a constant force F&amp;nbsp;at an angle &amp;theta; above the horizontal. In pulling the sled a horizontal distance d, the work done by the man is:&lt;/p&gt;&lt;p&gt;&amp;nbsp;&lt;/p&gt;",&lt;p&gt;Fd&lt;/p&gt;,&lt;p&gt;Fdcos&amp;theta;&lt;/p&gt;,&lt;p&gt;Fdsin&amp;theta;&lt;/p&gt;,&lt;p&gt;Fd / cos &amp;theta;&lt;/p&gt;,2,1,
"&lt;p&gt;When a certain rubber band is stretched a distance x, it exerts a restoring force of magnitude F = Ax, where A is a constant. The work done by a person in stretching this rubber band from x = 0 to x = L, beginning and ending at rest, is:&lt;/p&gt;",&lt;p&gt;&lt;math xmlns=&quot;http://www.w3.org/1998/Math/MathML&quot;&gt;&lt;mi&gt;A&lt;/mi&gt;&lt;msup&gt;&lt;mi&gt;L&lt;/mi&gt;&lt;mn&gt;2&lt;/mn&gt;&lt;/msup&gt;&lt;/math&gt;&lt;/p&gt;,&lt;p&gt;&lt;math xmlns=&quot;http://www.w3.org/1998/Math/MathML&quot;&gt;&lt;mi&gt;A&lt;/mi&gt;&lt;mo&gt;&amp;#160;&lt;/mo&gt;&lt;mo&gt;+&lt;/mo&gt;&lt;mo&gt;&amp;#160;&lt;/mo&gt;&lt;mn&gt;2&lt;/mn&gt;&lt;mi&gt;L&lt;/mi&gt;&lt;/math&gt;&lt;/p&gt;,&lt;p&gt;&lt;math xmlns=&quot;http://www.w3.org/1998/Math/MathML&quot;&gt;&lt;mi&gt;A&lt;/mi&gt;&lt;mo&gt;&amp;#160;&lt;/mo&gt;&lt;mo&gt;+&lt;/mo&gt;&lt;mo&gt;&amp;#160;&lt;/mo&gt;&lt;mn&gt;2&lt;/mn&gt;&lt;msup&gt;&lt;mi&gt;L&lt;/mi&gt;&lt;mn&gt;2&lt;/mn&gt;&lt;/msup&gt;&lt;/math&gt;&lt;/p&gt;,&lt;p&gt;&lt;math xmlns=&quot;http://www.w3.org/1998/Math/MathML&quot;&gt;&lt;mfrac&gt;&lt;mrow&gt;&lt;mi&gt;A&lt;/mi&gt;&lt;msup&gt;&lt;mi&gt;L&lt;/mi&gt;&lt;mn&gt;2&lt;/mn&gt;&lt;/msup&gt;&lt;/mrow&gt;&lt;mn&gt;2&lt;/mn&gt;&lt;/mfrac&gt;&lt;/math&gt;&lt;/p&gt;,4,1,
&lt;p&gt;Which of the following bodies has the largest kinetic energy?&lt;/p&gt;&lt;p&gt;&amp;nbsp;&lt;/p&gt;,&lt;p&gt;Mass 3M and speed V&lt;/p&gt;,&lt;p&gt;Mass 3M and speed 2V&lt;/p&gt;,&lt;p&gt;Mass 2M and speed 3V&lt;/p&gt;,&lt;p&gt;Mass M and speed 4V&amp;nbsp;&amp;nbsp;&amp;nbsp;&amp;nbsp;&amp;nbsp;&lt;/p&gt;,3,1,
&lt;p&gt;The amount of work required to stop a moving object is equal to:&lt;/p&gt;,&lt;p&gt;the velocity of the object&lt;/p&gt;,&lt;p&gt;the kinetic energy of the object&lt;/p&gt;,&lt;p&gt;the mass of the object times its acceleration&lt;/p&gt;,&lt;p&gt;the mass of the object times its velocity&lt;/p&gt;,2,1,
&lt;p&gt;A force on a particle is conservative if:&lt;/p&gt;&lt;p&gt;A.&lt;/p&gt;&lt;p&gt;B.&lt;/p&gt;&lt;p&gt;C.&lt;/p&gt;&lt;p&gt;&lt;b&gt;D. &lt;/b&gt;&lt;/p&gt;,&lt;p&gt;it work equals the change in the kinetic energy of the particle&lt;/p&gt;,&lt;p&gt;it obeys Newton&amp;rsquo;s second law&lt;/p&gt;,&lt;p&gt;it obeys Newton&amp;rsquo;s third law&lt;/p&gt;,"&lt;p&gt;&amp;nbsp;&lt;/p&gt;&lt;p&gt;it work depends on the end points of every motion, not on the path between&lt;/p&gt;",4,1,
&lt;p&gt;A force on a particle is conservative if:&lt;/p&gt;&lt;p&gt;A.&lt;/p&gt;&lt;p&gt;B.&lt;/p&gt;&lt;p&gt;C.&lt;/p&gt;&lt;p&gt;&lt;b&gt;D. &lt;/b&gt;&lt;/p&gt;,&lt;p&gt;it work equals the change in the kinetic energy of the particle&lt;/p&gt;,&lt;p&gt;it obeys Newton&amp;rsquo;s second law&lt;/p&gt;,&lt;p&gt;it obeys Newton&amp;rsquo;s third law&lt;/p&gt;,"&lt;p&gt;&amp;nbsp;&lt;/p&gt;&lt;p&gt;it work depends on the end points of every motion, not on the path between&lt;/p&gt;",4,1,
&lt;p&gt;The momentum of an object at a given instant is independent of its:&lt;/p&gt;&lt;p&gt;&amp;nbsp;&lt;/p&gt;,&lt;p&gt;acceleration&lt;/p&gt;,&lt;p&gt;mass&lt;/p&gt;,&lt;p&gt;speed&lt;/p&gt;,&lt;p&gt;velocity&lt;/p&gt;,1,1,
&lt;p&gt;If the total momentum of a system is changing:&lt;/p&gt;&lt;p&gt;&amp;nbsp;&lt;/p&gt;,&lt;p&gt;particles of the system must be exerting forces on each other&lt;/p&gt;,&lt;p&gt;the system must be under the influence of gravity&lt;/p&gt;,&lt;p&gt;the center of mass must have constant velocity&lt;/p&gt;,&lt;p&gt;a net external force must be acting on the system&lt;/p&gt;,4,1,
&lt;p&gt;Momentum may be expressed in:&lt;/p&gt;&lt;p&gt;&amp;nbsp;&lt;/p&gt;,&lt;p&gt;&lt;math xmlns=&quot;http://www.w3.org/1998/Math/MathML&quot;&gt;&lt;mi&gt;k&lt;/mi&gt;&lt;mi&gt;g&lt;/mi&gt;&lt;mo&gt;/&lt;/mo&gt;&lt;mi&gt;m&lt;/mi&gt;&lt;/math&gt;&lt;/p&gt;,&lt;p&gt;gram&amp;middot;s&lt;/p&gt;,&lt;p&gt;N&amp;middot;s&lt;/p&gt;,&lt;p&gt;kg/(m&amp;middot;s)&lt;/p&gt;,3,1,
&lt;p&gt;If the total momentum of a system is changing:&lt;/p&gt;&lt;p&gt;&amp;nbsp;&lt;/p&gt;,&lt;p&gt;particles of the system must be exerting forces on each other&lt;/p&gt;,&lt;p&gt;the system must be under the influence of gravity&lt;/p&gt;,&lt;p&gt;the center of mass must have constant velocity&lt;/p&gt;,&lt;p&gt;a net external force must be acting on the system&lt;/p&gt;,4,1,
"&lt;p&gt;When you step on the accelerator to increase the speed of your car, the force that accelerates the car is:&lt;/p&gt;&lt;p&gt;&amp;nbsp;&lt;/p&gt;",&lt;p&gt;the force of your foot on the accelerator&lt;/p&gt;,&lt;p&gt;the force of friction of the road on the tires&lt;/p&gt;,&lt;p&gt;the force of the engine on the drive shaft&lt;/p&gt;,&lt;p&gt;the normal force of the road on the tires&lt;/p&gt;,2,1,
&lt;p&gt;The physical quantity &amp;ldquo;impulse&amp;rdquo; has the same dimensions as that of:&lt;/p&gt;,&lt;p&gt;force&lt;/p&gt;,&lt;p&gt;momentum&lt;/p&gt;,&lt;p&gt;energy&lt;/p&gt;,&lt;p&gt;power&lt;/p&gt;,2,1,
&lt;p&gt;The law of conservation of momentum applies to a system of colliding objects only if:&lt;/p&gt;&lt;p&gt;&amp;nbsp;&lt;/p&gt;,&lt;p&gt;there is no change in kinetic energy of the system&lt;/p&gt;,&lt;p&gt;the coefficient of restitution is one&lt;/p&gt;,&lt;p&gt;the collisions are all elastic&lt;/p&gt;,&lt;p&gt;the net external impulse is zero&lt;/p&gt;,4,1,
&lt;p&gt;An inelastic collision is one in which:&lt;/p&gt;&lt;p&gt;&amp;nbsp;&lt;/p&gt;,&lt;p&gt;momentum is not conserved but kinetic energy is conserved&lt;/p&gt;,&lt;p&gt;total mass is not conserved but momentum is conserved&lt;/p&gt;,&lt;p&gt;neither kinetic energy nor momentum is conserved&lt;/p&gt;,&lt;p&gt;momentum is conserved but kinetic energy is not conserved&lt;/p&gt;,4,1,
&lt;p&gt;&amp;nbsp;&amp;nbsp;&amp;nbsp;&amp;nbsp;&amp;nbsp;&amp;nbsp;&amp;nbsp;&amp;nbsp;&amp;nbsp;&amp;nbsp;&amp;nbsp; An elastic collision is one in which:&lt;/p&gt;&lt;p&gt;&amp;nbsp;&lt;/p&gt;,&lt;p&gt;momentum is not conserved but kinetic energy is conserved&lt;/p&gt;,&lt;p&gt;total mass is not conserved but momentum is conserved&lt;/p&gt;,&lt;p&gt;kinetic energy and momentum are both conserved&lt;/p&gt;,&lt;p&gt;momentum is conserved but kinetic energy is not conserved&lt;/p&gt;,3,1,
&lt;p&gt;A man is at rest in the middle of a horizontal plane of perfectly smooth ice. He can move himself to the shore by making use of Newton&amp;rsquo;s&lt;/p&gt;&lt;p&gt;&amp;nbsp;&amp;nbsp;&amp;nbsp;&amp;nbsp;&amp;nbsp;&amp;nbsp;&amp;nbsp;&amp;nbsp;&amp;nbsp;&amp;nbsp;&amp;nbsp;&lt;/p&gt;,&lt;p&gt;First law&lt;/p&gt;,&lt;p&gt;Second law&lt;/p&gt;,&lt;p&gt;Third law&lt;/p&gt;,&lt;p&gt;All the laws&lt;/p&gt;,3,1,
&lt;p&gt;The coefficient of restitution for a perfectly elastic collision is&lt;/p&gt;&lt;p&gt;&lt;strong&gt;&amp;nbsp;&lt;/strong&gt;&lt;/p&gt;,&lt;p&gt;1&lt;/p&gt;,&lt;p&gt;0&lt;/p&gt;,&lt;p&gt;&lt;math xmlns=&quot;http://www.w3.org/1998/Math/MathML&quot;&gt;&lt;mo&gt;&amp;#8734;&lt;/mo&gt;&lt;/math&gt;&lt;/p&gt;,&lt;p&gt;&amp;ndash; 1&lt;/p&gt;,1,1,
&lt;p&gt;Which of the following will make the volume of an ideal gas four times?&lt;/p&gt;&lt;p&gt;&amp;nbsp;&amp;nbsp;&lt;/p&gt;,&lt;p&gt;double the absolute temperature and double the pressure&lt;/p&gt;,&lt;p&gt;halve the absolute temperature and double the pressure&lt;/p&gt;,&lt;p&gt;quarter the absolute temperature at constant pressure&lt;/p&gt;,&lt;p&gt;quarter the pressure at constant temperature.&lt;/p&gt;,4,1,
&lt;p&gt;Evidence that a gas consists mostly of empty space is the fact that:&lt;/p&gt;,&lt;p&gt;the density of a gas becomes much greater when it is liquefied&lt;/p&gt;,&lt;p&gt;gases exert pressure on the walls of their containers&lt;/p&gt;,&lt;p&gt;gases are transparent&lt;/p&gt;,&lt;p&gt;heating a gas increases the molecular motion&lt;/p&gt;,1,1,
"&lt;p&gt;According to the kinetic theory of gases, the pressure of a gas is due to:&lt;/p&gt;&lt;p&gt;&amp;nbsp;&lt;/p&gt;",&lt;p&gt;change of kinetic energy of molecules as they strike the wall&lt;/p&gt;,&lt;p&gt;change of kinetic energy of molecules as they strike the wall&lt;/p&gt;,&lt;p&gt;average kinetic energy of the molecules&lt;/p&gt;,&lt;p&gt;force of repulsion between the molecules&lt;/p&gt;,2,1,
&lt;p&gt;The force on the walls of a vessel of a contained gas is due to:&lt;/p&gt;&lt;p&gt;&amp;nbsp;&lt;/p&gt;,&lt;p&gt;the repulsive force between gas molecules&lt;/p&gt;,&lt;p&gt;a slight loss in the speed of a gas molecule during a collision with the wall&lt;/p&gt;,&lt;p&gt;a change in momentum of a gas molecule during a collision with the wall&lt;/p&gt;,&lt;p&gt;elastic collisions between gas molecules&lt;/p&gt;,3,1,
&lt;p&gt;The temperature of a gas is most closely related to:&lt;/p&gt;&lt;p&gt;&amp;nbsp;&lt;/p&gt;,&lt;p&gt;the kinetic energy of translation of its molecules&lt;/p&gt;,&lt;p&gt;its total molecular kinetic energy&lt;/p&gt;,&lt;p&gt;the sizes of its molecules&lt;/p&gt;,&lt;p&gt;the potential energy of its molecules&lt;/p&gt;,1,1,
&lt;p&gt;The internal energy of an ideal gas depends on:&lt;/p&gt;&lt;p&gt;&amp;nbsp;&lt;/p&gt;,&lt;p&gt;the temperature only&lt;/p&gt;,&lt;p&gt;the pressure only&lt;/p&gt;,&lt;p&gt;the volume only&lt;/p&gt;,&lt;p&gt;the temperature and pressure only&lt;/p&gt;,1,1,
&lt;p&gt;As the volume of an ideal gas is increased at constant pressure the average molecular speed:&lt;/p&gt;&lt;p&gt;&amp;nbsp;&lt;/p&gt;,&lt;p&gt;increases&lt;/p&gt;,&lt;p&gt;decreases&lt;/p&gt;,"&lt;p&gt;increases at high temperature, decreases at low&lt;/p&gt;","&lt;p&gt;decreases at high temperature, increases at low&lt;/p&gt;",1,1,
&lt;p&gt;As the volume of an ideal gas is increased at constant pressure the average molecular speed:&lt;/p&gt;&lt;p&gt;&amp;nbsp;&lt;/p&gt;,&lt;p&gt;increases&lt;/p&gt;,&lt;p&gt;decreases&lt;/p&gt;,"&lt;p&gt;increases at high temperature, decreases at low&lt;/p&gt;","&lt;p&gt;decreases at high temperature, increases at low&lt;/p&gt;",1,1,
&lt;p&gt;An ideal gas has molar specific heat Cp at constant pressure. When the temperature of n moles is increased by &amp;Delta;T the increase in the internal energy is:&lt;/p&gt;&lt;p&gt;&amp;nbsp;&lt;/p&gt;,&lt;p&gt;&lt;math xmlns=&quot;http://www.w3.org/1998/Math/MathML&quot;&gt;&lt;mi&gt;n&lt;/mi&gt;&lt;msub&gt;&lt;mi&gt;C&lt;/mi&gt;&lt;mi&gt;p&lt;/mi&gt;&lt;/msub&gt;&lt;mo&gt;&amp;#9651;&lt;/mo&gt;&lt;mi&gt;T&lt;/mi&gt;&lt;/math&gt;&lt;/p&gt;,&lt;p&gt;&lt;math xmlns=&quot;http://www.w3.org/1998/Math/MathML&quot;&gt;&lt;mi&gt;n&lt;/mi&gt;&lt;mfenced&gt;&lt;mrow&gt;&lt;msub&gt;&lt;mi&gt;C&lt;/mi&gt;&lt;mi&gt;P&lt;/mi&gt;&lt;/msub&gt;&lt;mo&gt;+&lt;/mo&gt;&lt;mo&gt;&amp;#160;&lt;/mo&gt;&lt;mi&gt;R&lt;/mi&gt;&lt;/mrow&gt;&lt;/mfenced&gt;&lt;mo&gt;&amp;#9651;&lt;/mo&gt;&lt;mi&gt;T&lt;/mi&gt;&lt;/math&gt;&lt;/p&gt;,&lt;p&gt;&lt;math xmlns=&quot;http://www.w3.org/1998/Math/MathML&quot;&gt;&lt;mi&gt;n&lt;/mi&gt;&lt;mfenced&gt;&lt;mrow&gt;&lt;msub&gt;&lt;mi&gt;C&lt;/mi&gt;&lt;mi&gt;P&lt;/mi&gt;&lt;/msub&gt;&lt;mo&gt;&amp;#160;&lt;/mo&gt;&lt;mo&gt;-&lt;/mo&gt;&lt;mi&gt;R&lt;/mi&gt;&lt;/mrow&gt;&lt;/mfenced&gt;&lt;mo&gt;&amp;#9651;&lt;/mo&gt;&lt;mi&gt;T&lt;/mi&gt;&lt;/math&gt;&lt;/p&gt;,&lt;p&gt;&lt;math xmlns=&quot;http://www.w3.org/1998/Math/MathML&quot;&gt;&lt;mi&gt;n&lt;/mi&gt;&lt;mfenced&gt;&lt;mrow&gt;&lt;mn&gt;2&lt;/mn&gt;&lt;msub&gt;&lt;mi&gt;C&lt;/mi&gt;&lt;mrow&gt;&lt;mi&gt;P&lt;/mi&gt;&lt;mo&gt;&amp;#160;&lt;/mo&gt;&lt;/mrow&gt;&lt;/msub&gt;&lt;mo&gt;+&lt;/mo&gt;&lt;mi&gt;R&lt;/mi&gt;&lt;/mrow&gt;&lt;/mfenced&gt;&lt;mo&gt;&amp;#9651;&lt;/mo&gt;&lt;mi&gt;T&lt;/mi&gt;&lt;/math&gt;&lt;/p&gt;,3,1,
&lt;p&gt;The heat capacity at constant volume of an ideal gas depends on:&lt;/p&gt;&lt;p&gt;&amp;nbsp;&lt;/p&gt;,&lt;p&gt;the temperature&lt;/p&gt;,&lt;p&gt;the pressure&lt;/p&gt;,&lt;p&gt;the volume&lt;/p&gt;,&lt;p&gt;the number of molecules&lt;/p&gt;,4,1,
&lt;p&gt;The difference between the molar specific heat at constant pressure and the molar specific heat at constant volume for an ideal gas is:&lt;/p&gt;&lt;p&gt;&amp;nbsp;&lt;/p&gt;,&lt;p&gt;the Boltzmann constant k&lt;/p&gt;,&lt;p&gt;the universal gas constant R&lt;/p&gt;,&lt;p&gt;the Avogadro constant NA&lt;/p&gt;,&lt;p&gt;kT&lt;/p&gt;,2,1,
&lt;p&gt;&amp;nbsp;An ideal monatomic gas has a molar specific heat&amp;nbsp;&lt;math xmlns=&quot;http://www.w3.org/1998/Math/MathML&quot;&gt;&lt;msub&gt;&lt;mi&gt;C&lt;/mi&gt;&lt;mi&gt;V&lt;/mi&gt;&lt;/msub&gt;&lt;/math&gt; &amp;nbsp;at constant volume of:&lt;/p&gt;&lt;p&gt;&amp;nbsp;&lt;/p&gt;,&lt;p&gt;&lt;math xmlns=&quot;http://www.w3.org/1998/Math/MathML&quot;&gt;&lt;mi&gt;R&lt;/mi&gt;&lt;/math&gt;&lt;/p&gt;,&lt;p&gt;&lt;math xmlns=&quot;http://www.w3.org/1998/Math/MathML&quot;&gt;&lt;mfrac&gt;&lt;mrow&gt;&lt;mn&gt;3&lt;/mn&gt;&lt;mi&gt;R&lt;/mi&gt;&lt;/mrow&gt;&lt;mn&gt;2&lt;/mn&gt;&lt;/mfrac&gt;&lt;/math&gt;&lt;/p&gt;,&lt;p&gt;&lt;math xmlns=&quot;http://www.w3.org/1998/Math/MathML&quot;&gt;&lt;mfrac&gt;&lt;mrow&gt;&lt;mn&gt;5&lt;/mn&gt;&lt;mi&gt;R&lt;/mi&gt;&lt;/mrow&gt;&lt;mn&gt;2&lt;/mn&gt;&lt;/mfrac&gt;&lt;/math&gt;&lt;/p&gt;,&lt;p&gt;&lt;math xmlns=&quot;http://www.w3.org/1998/Math/MathML&quot;&gt;&lt;mfrac&gt;&lt;mrow&gt;&lt;mn&gt;7&lt;/mn&gt;&lt;mi&gt;R&lt;/mi&gt;&lt;/mrow&gt;&lt;mn&gt;2&lt;/mn&gt;&lt;/mfrac&gt;&lt;/math&gt;&lt;/p&gt;,2,1,
&lt;p&gt;The specific heat of a polyatomic gas is greater than the specific heat of a monatomic gas because:&lt;/p&gt;&lt;p&gt;&amp;nbsp;&lt;/p&gt;&lt;p&gt;&amp;nbsp;&lt;/p&gt;,&lt;p&gt;the polyatomic gas does more positive work when energy is absorbed as heat&lt;/p&gt;,&lt;p&gt;the monatomic gas does more positive work when energy is absorbed as heat&lt;/p&gt;,&lt;p&gt;the energy absorbed by the polyatomic gas is split among more degrees of freedom&lt;/p&gt;,&lt;p&gt;the pressure is greater in the polyatomic gas&lt;/p&gt;,3,1,
&lt;p&gt;The specific heat of a polyatomic gas is greater than the specific heat of a monatomic gas because:&lt;/p&gt;&lt;p&gt;&amp;nbsp;&lt;/p&gt;&lt;p&gt;&amp;nbsp;&lt;/p&gt;,&lt;p&gt;the polyatomic gas does more positive work when energy is absorbed as heat&lt;/p&gt;,&lt;p&gt;the monatomic gas does more positive work when energy is absorbed as heat&lt;/p&gt;,&lt;p&gt;the energy absorbed by the polyatomic gas is split among more degrees of freedom&lt;/p&gt;,&lt;p&gt;the pressure is greater in the polyatomic gas&lt;/p&gt;,3,1,
&lt;p&gt;The ratio of the specific heat of a gas at constant volume to its specific heat at constant pressure is:&lt;/p&gt;&lt;p&gt;&amp;nbsp;&lt;/p&gt;,&lt;p&gt;1&lt;/p&gt;,&lt;p&gt;less than 1&lt;/p&gt;,&lt;p&gt;more than 1&lt;/p&gt;,&lt;p&gt;has units of pressure/volume&lt;/p&gt;,2,1,
&lt;p&gt;The ratio of the specific heat of an ideal gas at constant volume to its specific heat at constant pressure is:&lt;/p&gt;&lt;p&gt;&amp;nbsp;&lt;/p&gt;,&lt;p&gt;R&lt;/p&gt;,&lt;p&gt;1/R&lt;/p&gt;,&lt;p&gt;dependent on the temperature&lt;/p&gt;,"&lt;p&gt;different for monatomic, diatomic, and polyatomic gases&lt;/p&gt;",4,1,
"&lt;p&gt;Monatomic, diatomic, and polyatomic ideal gases each undergo slow adiabatic expansions from the same initial volume and the same initial pressure to the same final volume. The magnitude of the work done by the environment on the gas:&lt;/p&gt;&lt;p&gt;&amp;nbsp;&lt;/p&gt;&lt;p&gt;&amp;nbsp;&lt;/p&gt;",&lt;p&gt;is greatest for the polyatomic gas&lt;/p&gt;,&lt;p&gt;is greatest for the diatomic gas&lt;/p&gt;,&lt;p&gt;is greatest for the monatomic gas&lt;/p&gt;,&lt;p&gt;is the same only for the diatomic and polyatomic gases&lt;/p&gt;,1,1,
"&lt;p&gt;Monatomic, diatomic, and polyatomic ideal gases each undergo slow adiabatic expansions from the same initial volume and the same initial pressure to the same final volume. The magnitude of the work done by the environment on the gas:&lt;/p&gt;&lt;p&gt;&amp;nbsp;&lt;/p&gt;&lt;p&gt;&amp;nbsp;&lt;/p&gt;",&lt;p&gt;is greatest for the polyatomic gas&lt;/p&gt;,&lt;p&gt;is greatest for the diatomic gas&lt;/p&gt;,&lt;p&gt;is greatest for the monatomic gas&lt;/p&gt;,&lt;p&gt;is the same only for the diatomic and polyatomic gases&lt;/p&gt;,1,1,
"&lt;p&gt;Monatomic, diatomic, and polyatomic ideal gases each undergo slow adiabatic expansions from the same initial volume and the same initial pressure to the same final volume. The magnitude of the work done by the environment on the gas:&lt;/p&gt;&lt;p&gt;&amp;nbsp;&lt;/p&gt;&lt;p&gt;&amp;nbsp;&lt;/p&gt;",&lt;p&gt;is greatest for the polyatomic gas&lt;/p&gt;,&lt;p&gt;is greatest for the diatomic gas&lt;/p&gt;,&lt;p&gt;is greatest for the monatomic gas&lt;/p&gt;,&lt;p&gt;is the same only for the diatomic and polyatomic gases&lt;/p&gt;,1,1,
&lt;p&gt;The characteristics of gas constant of a gas is equal to&lt;/p&gt;&lt;p&gt;&amp;nbsp;&lt;/p&gt;,&lt;p&gt;&lt;math xmlns=&quot;http://www.w3.org/1998/Math/MathML&quot;&gt;&lt;mfrac&gt;&lt;msub&gt;&lt;mi&gt;C&lt;/mi&gt;&lt;mi&gt;P&lt;/mi&gt;&lt;/msub&gt;&lt;msub&gt;&lt;mi&gt;C&lt;/mi&gt;&lt;mi&gt;V&lt;/mi&gt;&lt;/msub&gt;&lt;/mfrac&gt;&lt;/math&gt;&lt;/p&gt;,&lt;p&gt;&lt;math xmlns=&quot;http://www.w3.org/1998/Math/MathML&quot;&gt;&lt;mfrac&gt;&lt;msub&gt;&lt;mi&gt;C&lt;/mi&gt;&lt;mi&gt;V&lt;/mi&gt;&lt;/msub&gt;&lt;msub&gt;&lt;mi&gt;C&lt;/mi&gt;&lt;mi&gt;P&lt;/mi&gt;&lt;/msub&gt;&lt;/mfrac&gt;&lt;/math&gt;&lt;/p&gt;,&lt;p&gt;&lt;math xmlns=&quot;http://www.w3.org/1998/Math/MathML&quot;&gt;&lt;msub&gt;&lt;mi&gt;C&lt;/mi&gt;&lt;mi&gt;P&lt;/mi&gt;&lt;/msub&gt;&lt;mo&gt;&amp;#160;&lt;/mo&gt;&lt;mo&gt;-&lt;/mo&gt;&lt;mo&gt;&amp;#160;&lt;/mo&gt;&lt;msub&gt;&lt;mi&gt;C&lt;/mi&gt;&lt;mi&gt;V&lt;/mi&gt;&lt;/msub&gt;&lt;/math&gt;&lt;/p&gt;,&lt;p&gt;&lt;math xmlns=&quot;http://www.w3.org/1998/Math/MathML&quot;&gt;&lt;msub&gt;&lt;mi&gt;C&lt;/mi&gt;&lt;mrow&gt;&lt;mi&gt;P&lt;/mi&gt;&lt;mo&gt;&amp;#160;&lt;/mo&gt;&lt;/mrow&gt;&lt;/msub&gt;&lt;mo&gt;+&lt;/mo&gt;&lt;mo&gt;&amp;#160;&lt;/mo&gt;&lt;msub&gt;&lt;mi&gt;C&lt;/mi&gt;&lt;mi&gt;V&lt;/mi&gt;&lt;/msub&gt;&lt;/math&gt;&lt;/p&gt;,3,1,
&lt;p&gt;Gas laws are applicable to&lt;/p&gt;&lt;p&gt;&amp;nbsp;&amp;nbsp;&amp;nbsp;&amp;nbsp;&amp;nbsp;&lt;/p&gt;,&lt;p&gt;Gases as well as vapours&amp;nbsp;&amp;nbsp;&amp;nbsp;&lt;/p&gt;,&lt;p&gt;Gases alone not vapours&amp;nbsp;&amp;nbsp;&amp;nbsp;&amp;nbsp;&lt;/p&gt;,&lt;p&gt;Gases and steam&lt;/p&gt;,&lt;p&gt;Gases and vapour under certain conditions&lt;/p&gt;,4,1,
&lt;p&gt;General gas equation is ----------&lt;/p&gt;&lt;p&gt;&amp;nbsp;&amp;nbsp;&amp;nbsp;&amp;nbsp;&amp;nbsp;&amp;nbsp;&amp;nbsp;&amp;nbsp;&amp;nbsp;&amp;nbsp;&amp;nbsp;&lt;/p&gt;,&lt;p&gt;&lt;math xmlns=&quot;http://www.w3.org/1998/Math/MathML&quot;&gt;&lt;mi&gt;P&lt;/mi&gt;&lt;mi&gt;V&lt;/mi&gt;&lt;mo&gt;&amp;#160;&lt;/mo&gt;&lt;mo&gt;=&lt;/mo&gt;&lt;mo&gt;&amp;#160;&lt;/mo&gt;&lt;mi&gt;n&lt;/mi&gt;&lt;mi&gt;R&lt;/mi&gt;&lt;mi&gt;T&lt;/mi&gt;&lt;/math&gt;&lt;/p&gt;,&lt;p&gt;&lt;math xmlns=&quot;http://www.w3.org/1998/Math/MathML&quot;&gt;&lt;mi&gt;P&lt;/mi&gt;&lt;mi&gt;V&lt;/mi&gt;&lt;mo&gt;&amp;#160;&lt;/mo&gt;&lt;mo&gt;=&lt;/mo&gt;&lt;mi&gt;m&lt;/mi&gt;&lt;mi&gt;R&lt;/mi&gt;&lt;mi&gt;T&lt;/mi&gt;&lt;/math&gt;&lt;/p&gt;,&lt;p&gt;&lt;math xmlns=&quot;http://www.w3.org/1998/Math/MathML&quot;&gt;&lt;mi&gt;P&lt;/mi&gt;&lt;msup&gt;&lt;mi&gt;V&lt;/mi&gt;&lt;mi&gt;n&lt;/mi&gt;&lt;/msup&gt;&lt;mo&gt;&amp;#160;&lt;/mo&gt;&lt;mo&gt;=&lt;/mo&gt;&lt;mo&gt;&amp;#160;&lt;/mo&gt;&lt;mi&gt;C&lt;/mi&gt;&lt;/math&gt;&lt;/p&gt;,&lt;p&gt;&lt;math xmlns=&quot;http://www.w3.org/1998/Math/MathML&quot;&gt;&lt;msub&gt;&lt;mi&gt;C&lt;/mi&gt;&lt;mrow&gt;&lt;mi&gt;P&lt;/mi&gt;&lt;mo&gt;&amp;#160;&lt;/mo&gt;&lt;mo&gt;&amp;#160;&lt;/mo&gt;&lt;/mrow&gt;&lt;/msub&gt;&lt;mo&gt;-&lt;/mo&gt;&lt;mo&gt;&amp;#160;&lt;/mo&gt;&lt;msub&gt;&lt;mi&gt;C&lt;/mi&gt;&lt;mi&gt;V&lt;/mi&gt;&lt;/msub&gt;&lt;mo&gt;&amp;#160;&lt;/mo&gt;&lt;mo&gt;=&lt;/mo&gt;&lt;mo&gt;&amp;#160;&lt;/mo&gt;&lt;mi&gt;R&lt;/mi&gt;&lt;/math&gt;&lt;/p&gt;,1,1,
&lt;p&gt;Ideal &amp;nbsp;gas equation is ----------&lt;/p&gt;&lt;p&gt;&amp;nbsp;&amp;nbsp;&amp;nbsp;&amp;nbsp;&amp;nbsp;&amp;nbsp;&amp;nbsp;&amp;nbsp;&amp;nbsp;&amp;nbsp;&amp;nbsp;&lt;/p&gt;,&lt;p&gt;&lt;math xmlns=&quot;http://www.w3.org/1998/Math/MathML&quot;&gt;&lt;mi&gt;P&lt;/mi&gt;&lt;mi&gt;V&lt;/mi&gt;&lt;mo&gt;&amp;#160;&lt;/mo&gt;&lt;mo&gt;=&lt;/mo&gt;&lt;mo&gt;&amp;#160;&lt;/mo&gt;&lt;mi&gt;n&lt;/mi&gt;&lt;mi&gt;R&lt;/mi&gt;&lt;mi&gt;T&lt;/mi&gt;&lt;/math&gt;&lt;/p&gt;,&lt;p&gt;&lt;math xmlns=&quot;http://www.w3.org/1998/Math/MathML&quot;&gt;&lt;mi&gt;P&lt;/mi&gt;&lt;mi&gt;V&lt;/mi&gt;&lt;mo&gt;&amp;#160;&lt;/mo&gt;&lt;mo&gt;=&lt;/mo&gt;&lt;mi&gt;m&lt;/mi&gt;&lt;mi&gt;R&lt;/mi&gt;&lt;mi&gt;T&lt;/mi&gt;&lt;/math&gt;&lt;/p&gt;,&lt;p&gt;&lt;math xmlns=&quot;http://www.w3.org/1998/Math/MathML&quot;&gt;&lt;mi&gt;P&lt;/mi&gt;&lt;msup&gt;&lt;mi&gt;V&lt;/mi&gt;&lt;mi&gt;n&lt;/mi&gt;&lt;/msup&gt;&lt;mo&gt;&amp;#160;&lt;/mo&gt;&lt;mo&gt;=&lt;/mo&gt;&lt;mo&gt;&amp;#160;&lt;/mo&gt;&lt;mi&gt;C&lt;/mi&gt;&lt;/math&gt;&lt;/p&gt;,&lt;p&gt;&lt;math xmlns=&quot;http://www.w3.org/1998/Math/MathML&quot;&gt;&lt;msub&gt;&lt;mi&gt;C&lt;/mi&gt;&lt;mrow&gt;&lt;mi&gt;P&lt;/mi&gt;&lt;mo&gt;&amp;#160;&lt;/mo&gt;&lt;mo&gt;&amp;#160;&lt;/mo&gt;&lt;/mrow&gt;&lt;/msub&gt;&lt;mo&gt;-&lt;/mo&gt;&lt;mo&gt;&amp;#160;&lt;/mo&gt;&lt;msub&gt;&lt;mi&gt;C&lt;/mi&gt;&lt;mi&gt;V&lt;/mi&gt;&lt;/msub&gt;&lt;mo&gt;&amp;#160;&lt;/mo&gt;&lt;mo&gt;=&lt;/mo&gt;&lt;mo&gt;&amp;#160;&lt;/mo&gt;&lt;mi&gt;R&lt;/mi&gt;&lt;/math&gt;&lt;/p&gt;,1,1,
&lt;p&gt;The Carnot cycles consists of -------------------------&lt;/p&gt;&lt;p&gt;&amp;nbsp;&amp;nbsp;&amp;nbsp;&amp;nbsp;&amp;nbsp;&amp;nbsp;&amp;nbsp;&amp;nbsp;&amp;nbsp;&lt;/p&gt;&lt;p&gt;&amp;nbsp;&lt;/p&gt;,&lt;p&gt;Two constant volume and two reversible adiabatic processes.&lt;/p&gt;,&lt;p&gt;Two isothermal and two reversible adiabatic processes.&lt;/p&gt;,&lt;p&gt;Two constant pressure and two adiabatic processes.&lt;/p&gt;,"&lt;p&gt;One constant volume, one constant pressure and two reversible adiabatic processes.&lt;/p&gt;",2,1,
&lt;p&gt;The Carnot cycles consists of -------------------------&lt;/p&gt;&lt;p&gt;&amp;nbsp;&amp;nbsp;&amp;nbsp;&amp;nbsp;&amp;nbsp;&amp;nbsp;&amp;nbsp;&amp;nbsp;&amp;nbsp;&lt;/p&gt;&lt;p&gt;&amp;nbsp;&lt;/p&gt;,&lt;p&gt;Two constant volume and two reversible adiabatic processes.&lt;/p&gt;,&lt;p&gt;Two isothermal and two reversible adiabatic processes.&lt;/p&gt;,&lt;p&gt;Two constant pressure and two adiabatic processes.&lt;/p&gt;,"&lt;p&gt;One constant volume, one constant pressure and two reversible adiabatic processes.&lt;/p&gt;",2,1,
&lt;p&gt;According to Boyle&amp;rsquo;s law as the volume of a gas increase it pressure will&lt;/p&gt;&lt;p&gt;&amp;nbsp;&amp;nbsp;&amp;nbsp;&amp;nbsp;&amp;nbsp;&amp;nbsp;&amp;nbsp;&amp;nbsp;&amp;nbsp;&lt;/p&gt;,&lt;p&gt;. increase&lt;/p&gt;,&lt;p&gt;Remains constant&lt;/p&gt;,&lt;p&gt;Decrease&lt;/p&gt;,&lt;p&gt;All of the above&lt;/p&gt;,3,1,
&lt;p&gt;The temperature T and Volume V of an ideal gas at constant pressure are describe by&lt;/p&gt;&lt;p&gt;&amp;nbsp;&amp;nbsp;&amp;nbsp;&amp;nbsp;&amp;nbsp;&amp;nbsp;&amp;nbsp;&amp;nbsp;&amp;nbsp;&lt;/p&gt;,&lt;p&gt;Pressure law&lt;/p&gt;,&lt;p&gt;Charle&amp;rsquo;s&amp;nbsp; law&lt;/p&gt;,&lt;p&gt;Avogadros law&lt;/p&gt;,&lt;p&gt;Boyle&amp;rsquo;s law&lt;/p&gt;,2,1,
&lt;p&gt;The variable that must be kept constant in accordance with Boyle&amp;rsquo;s law is&lt;/p&gt;&lt;p&gt;&amp;nbsp;&amp;nbsp;&amp;nbsp;&amp;nbsp;&amp;nbsp;&amp;nbsp;&amp;nbsp;&amp;nbsp;&amp;nbsp;&lt;/p&gt;&lt;p&gt;&amp;nbsp;&lt;/p&gt;,&lt;p&gt;Pressure&lt;/p&gt;,&lt;p&gt;Temperature&lt;/p&gt;,&lt;p&gt;Volume&lt;/p&gt;,&lt;p&gt;Number of moles&lt;/p&gt;,2,1,
&lt;p&gt;&lt;math xmlns=&quot;http://www.w3.org/1998/Math/MathML&quot;&gt;&lt;mi&gt;&amp;#947;&lt;/mi&gt;&lt;mo&gt;&amp;#160;&lt;/mo&gt;&lt;mo&gt;=&lt;/mo&gt;&lt;mfrac&gt;&lt;msub&gt;&lt;mi&gt;C&lt;/mi&gt;&lt;mi&gt;P&lt;/mi&gt;&lt;/msub&gt;&lt;msub&gt;&lt;mi&gt;C&lt;/mi&gt;&lt;mi&gt;V&lt;/mi&gt;&lt;/msub&gt;&lt;/mfrac&gt;&lt;/math&gt;&amp;nbsp;is called&lt;/p&gt;&lt;p&gt;&amp;nbsp;&amp;nbsp;&amp;nbsp;&amp;nbsp;&amp;nbsp;&amp;nbsp;&amp;nbsp;&amp;nbsp;&amp;nbsp;&amp;nbsp;&lt;/p&gt;,&lt;p&gt;Molar heat capacity&lt;/p&gt;,&lt;p&gt;Heat capacity&lt;/p&gt;,&lt;p&gt;Ratio of heat capacity&lt;/p&gt;,&lt;p&gt;None of the above&lt;/p&gt;,3,1,
&lt;p&gt;&lt;math xmlns=&quot;http://www.w3.org/1998/Math/MathML&quot;&gt;&lt;mi&gt;&amp;#947;&lt;/mi&gt;&lt;mo&gt;&amp;#160;&lt;/mo&gt;&lt;mo&gt;=&lt;/mo&gt;&lt;mfrac&gt;&lt;msub&gt;&lt;mi&gt;C&lt;/mi&gt;&lt;mi&gt;P&lt;/mi&gt;&lt;/msub&gt;&lt;msub&gt;&lt;mi&gt;C&lt;/mi&gt;&lt;mi&gt;V&lt;/mi&gt;&lt;/msub&gt;&lt;/mfrac&gt;&lt;/math&gt;&amp;nbsp;is called&lt;/p&gt;&lt;p&gt;&amp;nbsp;&amp;nbsp;&amp;nbsp;&amp;nbsp;&amp;nbsp;&amp;nbsp;&amp;nbsp;&amp;nbsp;&amp;nbsp;&amp;nbsp;&lt;/p&gt;,&lt;p&gt;Molar heat capacity&lt;/p&gt;,&lt;p&gt;Heat capacity&lt;/p&gt;,&lt;p&gt;Ratio of heat capacity&lt;/p&gt;,&lt;p&gt;None of the above&lt;/p&gt;,3,1,
&lt;p&gt;The work done by a gas at constant temperature is given by&amp;nbsp;&lt;/p&gt;&lt;p&gt;&amp;nbsp;&lt;/p&gt;,&lt;p&gt;&lt;math xmlns=&quot;http://www.w3.org/1998/Math/MathML&quot;&gt;&lt;mi&gt;n&lt;/mi&gt;&lt;mi&gt;R&lt;/mi&gt;&lt;mi&gt;T&lt;/mi&gt;&lt;mfrac&gt;&lt;msub&gt;&lt;mi&gt;V&lt;/mi&gt;&lt;mn&gt;2&lt;/mn&gt;&lt;/msub&gt;&lt;msub&gt;&lt;mi&gt;V&lt;/mi&gt;&lt;mn&gt;1&lt;/mn&gt;&lt;/msub&gt;&lt;/mfrac&gt;&lt;/math&gt;&lt;/p&gt;,&lt;p&gt;&lt;math xmlns=&quot;http://www.w3.org/1998/Math/MathML&quot;&gt;&lt;mi&gt;n&lt;/mi&gt;&lt;mi&gt;R&lt;/mi&gt;&lt;mi&gt;T&lt;/mi&gt;&lt;mfrac&gt;&lt;msub&gt;&lt;mi&gt;P&lt;/mi&gt;&lt;mn&gt;2&lt;/mn&gt;&lt;/msub&gt;&lt;msub&gt;&lt;mi&gt;P&lt;/mi&gt;&lt;mn&gt;1&lt;/mn&gt;&lt;/msub&gt;&lt;/mfrac&gt;&lt;/math&gt;&lt;/p&gt;,&lt;p&gt;&lt;math xmlns=&quot;http://www.w3.org/1998/Math/MathML&quot;&gt;&lt;mi&gt;n&lt;/mi&gt;&lt;mi&gt;R&lt;/mi&gt;&lt;mi&gt;T&lt;/mi&gt;&lt;mi&gt;In&lt;/mi&gt;&lt;mfrac&gt;&lt;msub&gt;&lt;mi&gt;V&lt;/mi&gt;&lt;mn&gt;2&lt;/mn&gt;&lt;/msub&gt;&lt;msub&gt;&lt;mi&gt;V&lt;/mi&gt;&lt;mn&gt;1&lt;/mn&gt;&lt;/msub&gt;&lt;/mfrac&gt;&lt;/math&gt;&lt;/p&gt;,&lt;p&gt;&lt;math xmlns=&quot;http://www.w3.org/1998/Math/MathML&quot;&gt;&lt;mi&gt;n&lt;/mi&gt;&lt;mi&gt;R&lt;/mi&gt;&lt;mi&gt;T&lt;/mi&gt;&lt;mi&gt;I&lt;/mi&gt;&lt;mi&gt;n&lt;/mi&gt;&lt;mfrac&gt;&lt;msub&gt;&lt;mi&gt;V&lt;/mi&gt;&lt;mn&gt;1&lt;/mn&gt;&lt;/msub&gt;&lt;msub&gt;&lt;mi&gt;V&lt;/mi&gt;&lt;mn&gt;2&lt;/mn&gt;&lt;/msub&gt;&lt;/mfrac&gt;&lt;/math&gt;&lt;/p&gt;,3,1,
&lt;p&gt;--------------law states that the volume of fixed mass of gas is inversely proportional to the pressure provided that temperature is kept constant&lt;/p&gt;&lt;p&gt;&amp;nbsp;&lt;/p&gt;,&lt;p&gt;Volume law&lt;/p&gt;,&lt;p&gt;Charles law&lt;/p&gt;,&lt;p&gt;Pressure Law&lt;/p&gt;,&lt;p&gt;Boyles Law&lt;/p&gt;,4,1,
&lt;p&gt;Which of the following represent the equation of state&lt;/p&gt;,&lt;p&gt;&lt;math xmlns=&quot;http://www.w3.org/1998/Math/MathML&quot;&gt;&lt;mi&gt;P&lt;/mi&gt;&lt;mi&gt;V&lt;/mi&gt;&lt;mo&gt;&amp;#160;&lt;/mo&gt;&lt;mo&gt;=&lt;/mo&gt;&lt;mo&gt;&amp;#160;&lt;/mo&gt;&lt;mi&gt;n&lt;/mi&gt;&lt;mi&gt;R&lt;/mi&gt;&lt;mi&gt;T&lt;/mi&gt;&lt;mspace linebreak=&quot;newline&quot;/&gt;&lt;/math&gt;&lt;/p&gt;,&lt;p&gt;&lt;math xmlns=&quot;http://www.w3.org/1998/Math/MathML&quot;&gt;&lt;mi&gt;P&lt;/mi&gt;&lt;mi&gt;V&lt;/mi&gt;&lt;mo&gt;&amp;#160;&lt;/mo&gt;&lt;mo&gt;=&lt;/mo&gt;&lt;mo&gt;&amp;#160;&lt;/mo&gt;&lt;mi&gt;N&lt;/mi&gt;&lt;mi&gt;K&lt;/mi&gt;&lt;mi&gt;T&lt;/mi&gt;&lt;/math&gt;&lt;/p&gt;,&lt;p&gt;All of the above&lt;/p&gt;,&lt;p&gt;&lt;math xmlns=&quot;http://www.w3.org/1998/Math/MathML&quot;&gt;&lt;mi&gt;P&lt;/mi&gt;&lt;mi&gt;V&lt;/mi&gt;&lt;mo&gt;&amp;#160;&lt;/mo&gt;&lt;mo&gt;=&lt;/mo&gt;&lt;mo&gt;&amp;#160;&lt;/mo&gt;&lt;mi&gt;K&lt;/mi&gt;&lt;msup&gt;&lt;mi&gt;T&lt;/mi&gt;&lt;mi&gt;n&lt;/mi&gt;&lt;/msup&gt;&lt;/math&gt;&lt;/p&gt;,3,1,
&lt;p&gt;A study that describes the gas as large number of small particle is&lt;/p&gt;&lt;p&gt;&amp;nbsp;&amp;nbsp;&amp;nbsp;&amp;nbsp;&amp;nbsp;&amp;nbsp;&amp;nbsp;&amp;nbsp;&amp;nbsp;&amp;nbsp;&amp;nbsp;&lt;/p&gt;,&lt;p&gt;Gases laws&lt;/p&gt;,&lt;p&gt;Kinetic theory of gases&lt;/p&gt;,&lt;p&gt;Gas dynamics&lt;/p&gt;,&lt;p&gt;None of the above&lt;/p&gt;,2,1,
&lt;p&gt;A study that describes the gas as large number of small particle is&lt;/p&gt;&lt;p&gt;&amp;nbsp;&amp;nbsp;&amp;nbsp;&amp;nbsp;&amp;nbsp;&amp;nbsp;&amp;nbsp;&amp;nbsp;&amp;nbsp;&amp;nbsp;&amp;nbsp;&lt;/p&gt;,&lt;p&gt;Gases laws&lt;/p&gt;,&lt;p&gt;Kinetic theory of gases&lt;/p&gt;,&lt;p&gt;Gas dynamics&lt;/p&gt;,&lt;p&gt;None of the above&lt;/p&gt;,2,1,
&lt;p&gt;Which of the following equations describe Boyle&amp;rsquo;s law?&lt;/p&gt;,&lt;p&gt;&lt;math xmlns=&quot;http://www.w3.org/1998/Math/MathML&quot;&gt;&lt;mfrac&gt;&lt;mi&gt;V&lt;/mi&gt;&lt;mi&gt;T&lt;/mi&gt;&lt;/mfrac&gt;&lt;mo&gt;&amp;#160;&lt;/mo&gt;&lt;mo&gt;=&lt;/mo&gt;&lt;mo&gt;&amp;#160;&lt;/mo&gt;&lt;mi&gt;K&lt;/mi&gt;&lt;/math&gt;&lt;/p&gt;,&lt;p&gt;&lt;math xmlns=&quot;http://www.w3.org/1998/Math/MathML&quot;&gt;&lt;mi&gt;P&lt;/mi&gt;&lt;mi&gt;T&lt;/mi&gt;&lt;mo&gt;&amp;#160;&lt;/mo&gt;&lt;mo&gt;=&lt;/mo&gt;&lt;mo&gt;&amp;#160;&lt;/mo&gt;&lt;mi&gt;K&lt;/mi&gt;&lt;/math&gt;&lt;/p&gt;,&lt;p&gt;PV = K&lt;/p&gt;,&lt;p&gt;None of the above&lt;/p&gt;,3,1,
&lt;p&gt;&amp;nbsp;&lt;/p&gt;&lt;p&gt;&amp;nbsp; &amp;nbsp;Which of the following equations describe Charle&amp;rsquo;s law?&lt;/p&gt;,&lt;p&gt;&lt;math xmlns=&quot;http://www.w3.org/1998/Math/MathML&quot;&gt;&lt;mfrac&gt;&lt;mi&gt;V&lt;/mi&gt;&lt;mi&gt;T&lt;/mi&gt;&lt;/mfrac&gt;&lt;mo&gt;&amp;#160;&lt;/mo&gt;&lt;mo&gt;=&lt;/mo&gt;&lt;mo&gt;&amp;#160;&lt;/mo&gt;&lt;mi&gt;K&lt;/mi&gt;&lt;mspace linebreak=&quot;newline&quot;/&gt;&lt;/math&gt;&lt;/p&gt;,&lt;p&gt;PT = K&lt;/p&gt;,&lt;p&gt;PV = K&lt;/p&gt;,&lt;p&gt;PV = nRT&lt;/p&gt;,1,1,
&lt;p&gt;Which of the following equations describe pressure law?&lt;/p&gt;,&lt;p&gt;&lt;math xmlns=&quot;http://www.w3.org/1998/Math/MathML&quot;&gt;&lt;mfrac&gt;&lt;mrow&gt;&lt;mi&gt;V&lt;/mi&gt;&lt;mo&gt;&amp;#160;&lt;/mo&gt;&lt;/mrow&gt;&lt;mi&gt;T&lt;/mi&gt;&lt;/mfrac&gt;&lt;mo&gt;&amp;#160;&lt;/mo&gt;&lt;mo&gt;=&lt;/mo&gt;&lt;mo&gt;&amp;#160;&lt;/mo&gt;&lt;mi&gt;K&lt;/mi&gt;&lt;/math&gt;&lt;/p&gt;,&lt;p&gt;PT = K&lt;/p&gt;,&lt;p&gt;&lt;math xmlns=&quot;http://www.w3.org/1998/Math/MathML&quot;&gt;&lt;mfrac&gt;&lt;mi&gt;P&lt;/mi&gt;&lt;mi&gt;T&lt;/mi&gt;&lt;/mfrac&gt;&lt;mo&gt;&amp;#160;&lt;/mo&gt;&lt;mo&gt;=&lt;/mo&gt;&lt;mo&gt;&amp;#160;&lt;/mo&gt;&lt;mi&gt;K&lt;/mi&gt;&lt;/math&gt;&lt;/p&gt;,&lt;p&gt;PV = nRT&lt;/p&gt;,3,1,
&lt;p&gt;The universal gas constant R is the same for all gases&lt;/p&gt;&lt;p&gt;&amp;nbsp;&amp;nbsp;&amp;nbsp;&amp;nbsp;&amp;nbsp;&amp;nbsp;&amp;nbsp;&amp;nbsp;&amp;nbsp;&amp;nbsp;&amp;nbsp;&lt;/p&gt;,&lt;p&gt;True&lt;/p&gt;,&lt;p&gt;I don&amp;rsquo;t know&lt;/p&gt;,&lt;p&gt;False&lt;/p&gt;,&lt;p&gt;All of the above.&lt;/p&gt;,1,1,
&lt;p&gt;Time taken to complete a wave is termed as: &amp;nbsp;&lt;/p&gt;&lt;p&gt;&amp;nbsp; &amp;nbsp;&amp;nbsp;&amp;nbsp;&amp;nbsp;&amp;nbsp;&amp;nbsp;&amp;nbsp;&amp;nbsp;&amp;nbsp;&lt;/p&gt;,&lt;p&gt;Span&lt;/p&gt;,&lt;p&gt;Frequency&lt;/p&gt;,&lt;p&gt;Period&lt;/p&gt;,&lt;p&gt;Oscillation&lt;/p&gt;,3,1,
&lt;p&gt;Any two shortest points in a wave that are in phase are termed as Wave.&lt;/p&gt;&lt;p&gt;&amp;nbsp;&lt;/p&gt;,&lt;p&gt;Distance&lt;/p&gt;,&lt;p&gt;Wavelength&lt;/p&gt;,&lt;p&gt;Phase length&lt;/p&gt;,&lt;p&gt;Amplitude&lt;/p&gt;,2,1,
&lt;p&gt;Direction of waves is parallel to the distance of vibration in&lt;/p&gt;&lt;p&gt;&amp;nbsp;&lt;/p&gt;,&lt;p&gt;&lt;b&gt;&amp;nbsp;&amp;nbsp;&lt;/b&gt;&amp;nbsp; Longitudinal&lt;/p&gt;,&lt;p&gt;Transverse&lt;/p&gt;,&lt;p&gt;.Both transverse and longitudinal waves&lt;/p&gt;,&lt;p&gt;None of the above&lt;/p&gt;,1,1,
&lt;p&gt;&amp;nbsp;The motion that is repeated at regular intervals is termed as&lt;/p&gt;&lt;p&gt;&amp;nbsp;&lt;/p&gt;,&lt;p&gt;Vibration&lt;/p&gt;,&lt;p&gt;Damping&lt;/p&gt;,&lt;p&gt;Periodic motion&lt;/p&gt;,&lt;p&gt;Oscillation&lt;/p&gt;,3,1,
"&lt;p&gt;When a pebble is dropped into a pond of still water, what happens?&lt;/p&gt;&lt;p&gt;&amp;nbsp;&lt;/p&gt;",&lt;p&gt;Particles move&lt;/p&gt;,&lt;p&gt;Waves move&lt;/p&gt;,&lt;p&gt;The pebble moves&lt;/p&gt;,&lt;p&gt;Water moves&lt;/p&gt;,2,1,
&lt;p&gt;What are the essential properties a medium must possess for the propagation of mechanical waves?&lt;/p&gt;&lt;p&gt;&amp;nbsp;&amp;nbsp;&amp;nbsp;&amp;nbsp;&amp;nbsp;&amp;nbsp;&amp;nbsp;&amp;nbsp;&amp;nbsp;&amp;nbsp;&amp;nbsp;&lt;/p&gt;,&lt;p&gt;Stable pressure&lt;/p&gt;,&lt;p&gt;Maximum friction&lt;/p&gt;,&lt;p&gt;Constant temperature&lt;/p&gt;,&lt;p&gt;Minimum friction&lt;/p&gt;,4,1,
"&lt;p&gt;Which of the following waves can be transmitted through solids, liquids and gases?&lt;/p&gt;&lt;p&gt;&amp;nbsp;&lt;/p&gt;",&lt;p&gt;Transverse waves&lt;/p&gt;,&lt;p&gt;Electromagnetic waves&lt;/p&gt;,&lt;p&gt;Mechanical waves&lt;/p&gt;,&lt;p&gt;Longitudinal waves&lt;/p&gt;,4,1,
&lt;p&gt;Sound travels through a gas under which of the following condition?&lt;/p&gt;&lt;p&gt;&amp;nbsp;&lt;/p&gt;,&lt;p&gt;Isothermal condition&lt;/p&gt;,&lt;p&gt;Non-isothermal condition&lt;/p&gt;,&lt;p&gt;Adiabatic condition&lt;/p&gt;,&lt;p&gt;Transverse condition&lt;/p&gt;,3,1,
&lt;p&gt;Radial (centripetal) acceleration is giving by&lt;/p&gt;&lt;p&gt;&amp;nbsp;&lt;/p&gt;,&lt;p&gt;&lt;math xmlns=&quot;http://www.w3.org/1998/Math/MathML&quot;&gt;&lt;msup&gt;&lt;mi&gt;&amp;#969;&lt;/mi&gt;&lt;mn&gt;2&lt;/mn&gt;&lt;/msup&gt;&lt;mi&gt;r&lt;/mi&gt;&lt;/math&gt;&lt;/p&gt;,&lt;p&gt;&lt;math xmlns=&quot;http://www.w3.org/1998/Math/MathML&quot;&gt;&lt;mi&gt;&amp;#969;&lt;/mi&gt;&lt;mi&gt;r&lt;/mi&gt;&lt;/math&gt;&lt;/p&gt;,&lt;p&gt;&lt;math xmlns=&quot;http://www.w3.org/1998/Math/MathML&quot;&gt;&lt;msup&gt;&lt;mi&gt;&amp;#969;&lt;/mi&gt;&lt;mn&gt;2&lt;/mn&gt;&lt;/msup&gt;&lt;mi&gt;r&lt;/mi&gt;&lt;msup&gt;&lt;mi&gt;&amp;#969;&lt;/mi&gt;&lt;mn&gt;2&lt;/mn&gt;&lt;/msup&gt;&lt;/math&gt;&lt;/p&gt;,&lt;p&gt;&lt;math xmlns=&quot;http://www.w3.org/1998/Math/MathML&quot;&gt;&lt;msup&gt;&lt;mi&gt;&amp;#969;&lt;/mi&gt;&lt;mn&gt;3&lt;/mn&gt;&lt;/msup&gt;&lt;mi&gt;r&lt;/mi&gt;&lt;/math&gt;&lt;/p&gt;,1,1,
&lt;p&gt;The air temperature on a summer day might be about:&lt;/p&gt;,&lt;p&gt;&lt;math xmlns=&quot;http://www.w3.org/1998/Math/MathML&quot;&gt;&lt;msup&gt;&lt;mn&gt;20&lt;/mn&gt;&lt;mn&gt;0&lt;/mn&gt;&lt;/msup&gt;&lt;mi&gt;C&lt;/mi&gt;&lt;/math&gt;&lt;/p&gt;,&lt;p&gt;&lt;math xmlns=&quot;http://www.w3.org/1998/Math/MathML&quot;&gt;&lt;msup&gt;&lt;mn&gt;10&lt;/mn&gt;&lt;mn&gt;0&lt;/mn&gt;&lt;/msup&gt;&lt;mi&gt;C&lt;/mi&gt;&lt;/math&gt;&lt;/p&gt;,&lt;p&gt;&lt;math xmlns=&quot;http://www.w3.org/1998/Math/MathML&quot;&gt;&lt;msup&gt;&lt;mn&gt;25&lt;/mn&gt;&lt;mn&gt;0&lt;/mn&gt;&lt;/msup&gt;&lt;mi&gt;C&lt;/mi&gt;&lt;/math&gt;&lt;/p&gt;,&lt;p&gt;&lt;math xmlns=&quot;http://www.w3.org/1998/Math/MathML&quot;&gt;&lt;msup&gt;&lt;mn&gt;80&lt;/mn&gt;&lt;mn&gt;0&lt;/mn&gt;&lt;/msup&gt;&lt;mi&gt;C&lt;/mi&gt;&lt;/math&gt;&lt;/p&gt;,3,1,
&lt;p&gt;The mathematical expression for centripetal force is ______&lt;/p&gt;,&lt;p&gt;&lt;math xmlns=&quot;http://www.w3.org/1998/Math/MathML&quot;&gt;&lt;mfrac&gt;&lt;mrow&gt;&lt;mi&gt;m&lt;/mi&gt;&lt;msup&gt;&lt;mi&gt;v&lt;/mi&gt;&lt;mn&gt;2&lt;/mn&gt;&lt;/msup&gt;&lt;/mrow&gt;&lt;mi&gt;r&lt;/mi&gt;&lt;/mfrac&gt;&lt;/math&gt;&lt;/p&gt;,&lt;p&gt;&lt;math xmlns=&quot;http://www.w3.org/1998/Math/MathML&quot;&gt;&lt;mfrac&gt;&lt;mrow&gt;&lt;mi&gt;m&lt;/mi&gt;&lt;mi&gt;v&lt;/mi&gt;&lt;/mrow&gt;&lt;mi&gt;r&lt;/mi&gt;&lt;/mfrac&gt;&lt;/math&gt;&lt;/p&gt;,&lt;p&gt;&lt;math xmlns=&quot;http://www.w3.org/1998/Math/MathML&quot;&gt;&lt;mfrac&gt;&lt;msup&gt;&lt;mi&gt;v&lt;/mi&gt;&lt;mn&gt;2&lt;/mn&gt;&lt;/msup&gt;&lt;mi&gt;r&lt;/mi&gt;&lt;/mfrac&gt;&lt;/math&gt;&lt;/p&gt;,&lt;p&gt;&lt;math xmlns=&quot;http://www.w3.org/1998/Math/MathML&quot;&gt;&lt;mfrac&gt;&lt;mrow&gt;&lt;mi&gt;m&lt;/mi&gt;&lt;msup&gt;&lt;mi&gt;v&lt;/mi&gt;&lt;mn&gt;3&lt;/mn&gt;&lt;/msup&gt;&lt;/mrow&gt;&lt;mi&gt;r&lt;/mi&gt;&lt;/mfrac&gt;&lt;/math&gt;&lt;/p&gt;,1,1,
&lt;p&gt;The angular velocity of a body moving with a constant speed v in a circle of radius r is given by&lt;/p&gt;,&lt;p&gt;All of the following&lt;/p&gt;,&lt;p&gt;&lt;math xmlns=&quot;http://www.w3.org/1998/Math/MathML&quot;&gt;&lt;mi&gt;v&lt;/mi&gt;&lt;mi&gt;r&lt;/mi&gt;&lt;/math&gt;&lt;/p&gt;,&lt;p&gt;&lt;math xmlns=&quot;http://www.w3.org/1998/Math/MathML&quot;&gt;&lt;mfrac&gt;&lt;mi&gt;v&lt;/mi&gt;&lt;mi&gt;r&lt;/mi&gt;&lt;/mfrac&gt;&lt;/math&gt;&lt;/p&gt;,&lt;p&gt;&lt;math xmlns=&quot;http://www.w3.org/1998/Math/MathML&quot;&gt;&lt;mi&gt;m&lt;/mi&gt;&lt;mi&gt;v&lt;/mi&gt;&lt;mi&gt;&amp;#945;&lt;/mi&gt;&lt;/math&gt;&lt;/p&gt;,3,1,
&lt;p&gt;An example of random error would be &amp;hellip;&amp;hellip;&amp;hellip;&amp;hellip;&amp;hellip;&amp;hellip;. On the thermometer&lt;/p&gt;,&lt;p&gt;Reduced&lt;/p&gt;,&lt;p&gt;Repeated&lt;/p&gt;,&lt;p&gt;Far from the line of best fit&lt;/p&gt;,&lt;p&gt;Misreading the temperature&lt;/p&gt;,4,1,
&lt;p&gt;A measurement is &amp;hellip;&amp;hellip;&amp;hellip;&amp;hellip;&amp;hellip;&amp;hellip;&amp;hellip;&amp;hellip;&amp;hellip;&amp;hellip;&amp;hellip;&amp;hellip; if the same investigator repeats the experiment under the same conditions and gets similar results&lt;/p&gt;,&lt;p&gt;Not been calibrated&lt;/p&gt;,&lt;p&gt;Systematic&lt;/p&gt;,&lt;p&gt;Random&lt;/p&gt;,&lt;p&gt;Reduced&lt;/p&gt;,2,1,
&lt;p&gt;Random errors can be &amp;hellip;&amp;hellip;&amp;hellip;&amp;hellip;&amp;hellip;&amp;hellip;&amp;hellip;&amp;hellip;&amp;hellip;&amp;hellip;.&lt;/p&gt;,&lt;p&gt;Incorrectly measuring the volume&lt;/p&gt;,&lt;p&gt;Identifying the cause&lt;/p&gt;,&lt;p&gt;Anomalous result&lt;/p&gt;,&lt;p&gt;Minimized&lt;/p&gt;,4,1,
&lt;p&gt;The SI standard of length is based on:&lt;/p&gt;,&lt;p&gt;Wavelength of light emitted by Hg198&lt;/p&gt;,&lt;p&gt;Wavelength of light emitted by Kr86&lt;/p&gt;,&lt;p&gt;A precision meter stick in Paris&lt;/p&gt;,&lt;p&gt;The speed of light&lt;/p&gt;,4,1,
&lt;p&gt;&amp;nbsp;An example of random error would be &amp;hellip;&amp;hellip;&amp;hellip;&amp;hellip;&amp;hellip;&amp;hellip;&amp;hellip;&amp;hellip;&amp;hellip;&amp;hellip;&amp;hellip; of a liquid using measuring cylinder.&lt;/p&gt;,&lt;p&gt;Incorrectly measuring the volume&lt;/p&gt;,&lt;p&gt;Faulty equipment&lt;/p&gt;,&lt;p&gt;Incorrectly measuring the mass&lt;/p&gt;,&lt;p&gt;Repeatable&lt;/p&gt;,1,1,
&lt;p&gt;What type of error occur due to fluctuations in temperature or mechanical vibrations of an equipment?&lt;/p&gt;,&lt;p&gt;Random&lt;/p&gt;,&lt;p&gt;Repeated&lt;/p&gt;,&lt;p&gt;Systematic&lt;/p&gt;,&lt;p&gt;Both random and systematic&lt;/p&gt;,3,1,
&lt;p&gt;Velocity is defined as:&lt;/p&gt;,&lt;p&gt;rate of change of position with time&lt;/p&gt;,&lt;p&gt;speed divided by time&lt;/p&gt;,&lt;p&gt;rate of change of acceleration with time&lt;/p&gt;,&lt;p&gt;a speeding up or slowing down&lt;/p&gt;,1,1,
&lt;p&gt;Which of the following is a scalar quantity?&lt;/p&gt;,&lt;p&gt;Speed&lt;/p&gt;,&lt;p&gt;Velocity&lt;/p&gt;,&lt;p&gt;Displacement&lt;/p&gt;,&lt;p&gt;Acceleration&lt;/p&gt;,1,1,
&lt;p&gt;Which of the following is a vector quantity?&lt;/p&gt;,&lt;p&gt;Density&lt;/p&gt;,&lt;p&gt;Speed&lt;/p&gt;,&lt;p&gt;Temperature&lt;/p&gt;,&lt;p&gt;None of these&lt;/p&gt;,4,1,
&lt;p&gt;Which of the following is NOT an example of accelerated motion?&lt;/p&gt;,&lt;p&gt;Circular motion at constant speed&lt;/p&gt;,&lt;p&gt;A swinging pendulum&lt;/p&gt;,&lt;p&gt;Earth&amp;rsquo;s motion about sun&lt;/p&gt;,&lt;p&gt;Horizontal component of projectile motion&lt;/p&gt;,4,1,
&lt;p&gt;The physical quantity that has the same dimensions as impulse is&lt;/p&gt;,&lt;p&gt;Energy&lt;/p&gt;,&lt;p&gt;Momentum&lt;/p&gt;,&lt;p&gt;Surface tension&lt;/p&gt;,&lt;p&gt;Pressure&lt;/p&gt;,2,1,
&lt;p&gt;Measurement is a process in which the properties of an object are determined by comparing them to a standard or known quantity.&lt;/p&gt;,&lt;p&gt;True&lt;/p&gt;,&lt;p&gt;False&lt;/p&gt;,&lt;p&gt;no answer&lt;/p&gt;,&lt;p&gt;no answer&lt;/p&gt;,1,1,
&lt;p&gt;Becquerel is the unit of ________.&lt;/p&gt;,&lt;p&gt;Frequency&lt;/p&gt;,&lt;p&gt;Radioactive decay&lt;/p&gt;,&lt;p&gt;Electrical capacitance&lt;/p&gt;,&lt;p&gt;Luminous intensity&lt;/p&gt;,2,1,
&lt;p&gt;Which of the following is a vector quantity?&lt;/p&gt;,&lt;p&gt;Distance&lt;/p&gt;,&lt;p&gt;Speed&lt;/p&gt;,&lt;p&gt;Work&lt;/p&gt;,&lt;p&gt;Weight&lt;/p&gt;,4,1,
&lt;p&gt;Which of the following is not true about measurable quantities and their units?&lt;/p&gt;,"&lt;p&gt;Temperature, Kelvin&lt;/p&gt;","&lt;p&gt;Length, Metre&lt;/p&gt;",&lt;p&gt;Mass - Kilogram&lt;/p&gt;,&lt;p&gt;Weight - Pascal&lt;/p&gt;,4,1,
&lt;p&gt;&amp;nbsp;A ____________charge is defined as the amount of electric charge transported by one-ampere current in one second from one point to another.&lt;/p&gt;,&lt;p&gt;Volt&lt;/p&gt;,&lt;p&gt;Candela&lt;/p&gt;,&lt;p&gt;Coulomb&lt;/p&gt;,&lt;p&gt;None of the above&lt;/p&gt;,3,1,
&lt;p&gt;Select the incorrectly matched option&lt;/p&gt;,&lt;p&gt;Work- scalar quantity&lt;/p&gt;,&lt;p&gt;Heat- scalar quantity&lt;/p&gt;,&lt;p&gt;Force- scalar quantity&lt;/p&gt;,&lt;p&gt;Impulse- vector quantity&lt;/p&gt;,3,1,
&lt;p&gt;Which of the following is an example of vector quantity&lt;/p&gt;,&lt;p&gt;Velocity&lt;/p&gt;,&lt;p&gt;Distance&lt;/p&gt;,&lt;p&gt;Entropy&lt;/p&gt;,&lt;p&gt;Energy&lt;/p&gt;,1,1,
&lt;p&gt;How many fundamental quantities do we have?&lt;/p&gt;,&lt;p&gt;2&lt;/p&gt;,&lt;p&gt;7&lt;/p&gt;,&lt;p&gt;3&lt;/p&gt;,&lt;p&gt;5&lt;/p&gt;,2,1,
&lt;p&gt;Distance covered by an object per unit time is called?&lt;/p&gt;,&lt;p&gt;Pressure&lt;/p&gt;,&lt;p&gt;Speed&lt;/p&gt;,&lt;p&gt;Motion&lt;/p&gt;,&lt;p&gt;Acceleration&lt;/p&gt;,2,1,
&lt;p&gt;The S.I. unit of electrical resistance is one of the following&lt;/p&gt;,&lt;p&gt;Volt&lt;/p&gt;,&lt;p&gt;Ampere&lt;/p&gt;,&lt;p&gt;Ohms&lt;/p&gt;,&lt;p&gt;Joule&lt;/p&gt;,3,1,
&lt;p&gt;Which of the following is the unit of amount of substance?&lt;/p&gt;,&lt;p&gt;Dyne&lt;/p&gt;,&lt;p&gt;Newton&lt;/p&gt;,&lt;p&gt;Erg&lt;/p&gt;,&lt;p&gt;Mole&lt;/p&gt;,4,1,
&lt;p&gt;Which of the following is TRUE about Mass and Weight?&lt;/p&gt;,&lt;p&gt;Mass is a vector quantity and weight is a scalar quantity.&lt;/p&gt;,&lt;p&gt;Both mass and weight are vector quantities.&lt;/p&gt;,&lt;p&gt;Both mass and weight are scalar quantities.&lt;/p&gt;,&lt;p&gt;Mass is a scalar quantity and weight is a vector quantity&lt;/p&gt;,4,1,
&lt;p&gt;The vector &amp;minus; A is:&lt;/p&gt;,&lt;p&gt;greater than A in magnitude&lt;/p&gt;,&lt;p&gt;less than A in magnitude&lt;/p&gt;,&lt;p&gt;in the same direction as A&lt;/p&gt;,&lt;p&gt;in the direction opposite to A&lt;/p&gt;,4,1,
&lt;p&gt;A unit vector is dimensionless vector having a magnitude of exactly 1.&lt;/p&gt;&lt;p&gt;&amp;nbsp;&lt;/p&gt;,&lt;p&gt;True&lt;/p&gt;,&lt;p&gt;False&lt;/p&gt;,&lt;p&gt;No answer&lt;/p&gt;,&lt;p&gt;No answer&lt;/p&gt;,1,1,
"&lt;p&gt;If the magnitude of the sum of two vectors is less than the magnitude of either vector, then:&lt;/p&gt;",&lt;p&gt;the scalar product of the vectors must be negative&lt;/p&gt;,&lt;p&gt;the scalar product of the vectors must be positive&lt;/p&gt;,&lt;p&gt;the vectors must be parallel and in opposite directions&lt;/p&gt;,&lt;p&gt;the vectors must be parallel and in the same direction&lt;/p&gt;,1,1,
&lt;p&gt;Which of the following holds true for a vector quantity?&lt;/p&gt;,&lt;p&gt;It has only magnitude&lt;/p&gt;,&lt;p&gt;It has only direction&lt;/p&gt;,&lt;p&gt;A vector has both direction and magnitude&lt;/p&gt;,&lt;p&gt;A vector can never be negative&lt;/p&gt;,3,1,
&lt;p&gt;Which of the following is a vector?&lt;/p&gt;,&lt;p&gt;Surface Tension&lt;/p&gt;,&lt;p&gt;Moment of Inertia&lt;/p&gt;,&lt;p&gt;Pressure&lt;/p&gt;,&lt;p&gt;None of the above&lt;/p&gt;,4,1,
"&lt;p&gt;If the magnitude of the sum of two vectors is less than the magnitude of either vector, then:&lt;/p&gt;",&lt;p&gt;the scalar product of the vectors must be negative&lt;/p&gt;,&lt;p&gt;the scalar product of the vectors must be positive&lt;/p&gt;,&lt;p&gt;the vectors must be parallel and in opposite directions&lt;/p&gt;,&lt;p&gt;the vectors must be parallel and in the same direction&lt;/p&gt;,1,1,
&lt;p&gt;Which of the following statements is false?&lt;/p&gt;,&lt;p&gt;Cross product is commutative&lt;/p&gt;,&lt;p&gt;Cross product is distributive over addition&lt;/p&gt;,&lt;p&gt;Dot product of two vectors gives a scalar&lt;/p&gt;,&lt;p&gt;Dot product is commutative&lt;/p&gt;,1,1,
&lt;p&gt;The average speed of a moving object during a given interval of time is always:&lt;/p&gt;,&lt;p&gt;the magnitude of its average velocity over the interval&lt;/p&gt;,&lt;p&gt;the distance covered during the time interval divided by the time interval&lt;/p&gt;,&lt;p&gt;one-half its speed at the end of the interval&lt;/p&gt;,&lt;p&gt;its acceleration multiplied by the time interval&lt;/p&gt;,2,1,
"&lt;p&gt;Of the following situations, which one is impossible?&lt;/p&gt;",&lt;p&gt;A body having velocity east and acceleration west&lt;/p&gt;,&lt;p&gt;A body having zero velocity and non-zero acceleration&lt;/p&gt;,&lt;p&gt;A body having constant acceleration and variable velocity&lt;/p&gt;,&lt;p&gt;A body having constant velocity and variable acceleration&lt;/p&gt;,4,1,
"&lt;p&gt;Throughout a time interval, while the speed of a particle increases as it moves along the x axis, its velocity and acceleration might be:&lt;/p&gt;","&lt;p&gt;positive and negative, respectively&lt;/p&gt;","&lt;p&gt;negative and positive, respectively&lt;/p&gt;","&lt;p&gt;negative and negative, respectively&lt;/p&gt;","&lt;p&gt;negative and zero, respectively&lt;/p&gt;",3,1,
&lt;p&gt;A particle moves on the x axis. When its acceleration is positive and increasing:&lt;/p&gt;,&lt;p&gt;its velocity must be positive&lt;/p&gt;,&lt;p&gt;it must be slowing down&lt;/p&gt;,&lt;p&gt;it must be speeding up&lt;/p&gt;,&lt;p&gt;none of the above must be true&lt;/p&gt;,4,1,
&lt;p&gt;A ball is in free fall. Its acceleration is:&lt;/p&gt;,&lt;p&gt;downward during both ascent and descent&lt;/p&gt;,&lt;p&gt;downward during ascent and upward during descent&lt;/p&gt;,&lt;p&gt;upward during ascent and downward during descent&lt;/p&gt;,&lt;p&gt;upward during both ascent and descent&lt;/p&gt;,1,1,
&lt;p&gt;A ball is in free fall. Upward is taken to be the positive direction. The displacement of the ball during a short time interval is:&lt;/p&gt;,&lt;p&gt;positive during both ascent and descent&lt;/p&gt;,&lt;p&gt;negative during both ascent and descent&lt;/p&gt;,&lt;p&gt;negative during ascent and positive during descent&lt;/p&gt;,&lt;p&gt;positive during ascent and negative during descent&lt;/p&gt;,4,1,
&lt;p&gt;An object is shot vertically upward. While it is rising:&lt;/p&gt;,&lt;p&gt;its velocity and acceleration are both upward&lt;/p&gt;,&lt;p&gt;its velocity is upward and its acceleration is downward&lt;/p&gt;,&lt;p&gt;its velocity and acceleration are both downward&lt;/p&gt;,&lt;p&gt;its velocity is downward and its acceleration is upward&lt;/p&gt;,2,1,
&lt;p&gt;The point beyond which a stretched spring does not return to its original length is called the&lt;/p&gt;,&lt;p&gt;Breaking point&lt;/p&gt;,&lt;p&gt;Elastic limit&lt;/p&gt;,&lt;p&gt;Spring constant&lt;/p&gt;,&lt;p&gt;Elasticity point&lt;/p&gt;,2,1,
&lt;p&gt;52. The point beyond which a stretched spring does return to its original length is called the&lt;/p&gt;,&lt;p&gt;Breaking point&lt;/p&gt;,&lt;p&gt;Elastic limit&lt;/p&gt;,&lt;p&gt;Spring constant&lt;/p&gt;,&lt;p&gt;Elasticity point&lt;/p&gt;,4,1,
&lt;p&gt;The modulus of elasticity is dimensionally equivalent to&lt;/p&gt;,&lt;p&gt;Strain&amp;nbsp;&lt;/p&gt;,&lt;p&gt;Stress&lt;/p&gt;,&lt;p&gt;Surface tension&lt;/p&gt;,&lt;p&gt;Poisson&amp;rsquo;s ratio&lt;/p&gt;,2,1,
"&lt;p&gt;If by applying a force, the shape of a body is changed, then the corresponding stress is known as&lt;/p&gt;",&lt;p&gt;Tensile stress&amp;nbsp;&lt;/p&gt;,&lt;p&gt;Bulk stress&lt;/p&gt;,&lt;p&gt;Shearing stress&lt;/p&gt;,&lt;p&gt;Compressive stress&lt;/p&gt;,3,1,
"&lt;p&gt;According to Horke&amp;rsquo;s law of elasticity, within elastic limits, if the stress is increased, the ratio of stress to strain&lt;/p&gt;",&lt;p&gt;Increases&lt;/p&gt;,&lt;p&gt;Decreases&lt;/p&gt;,&lt;p&gt;Becomes zero&lt;/p&gt;,&lt;p&gt;Remains constant&lt;/p&gt;,4,1,
&lt;p&gt;symbol for young modulus is&lt;/p&gt;,&lt;p&gt;M&lt;/p&gt;,&lt;p&gt;y&lt;/p&gt;,&lt;p&gt;Y&lt;/p&gt;,&lt;p&gt;q&lt;/p&gt;,3,1,
"&lt;p&gt;In an experiment to determine the Young&amp;rsquo;s modulus of the material of a wire, the length of the wire and the suspended mass are doubled. Then the Young&amp;rsquo;s modulus of the wire&lt;/p&gt;",&lt;p&gt;Becomes double&lt;/p&gt;,&lt;p&gt;Becomes four time&lt;/p&gt;,&lt;p&gt;Remain unchanged&lt;/p&gt;,&lt;p&gt;Becomes half&lt;/p&gt;,3,1,
&lt;p&gt;Which one of he following does not affect the elasticity of a substance?&lt;/p&gt;,&lt;p&gt;Hammering&amp;nbsp;&amp;nbsp;&amp;nbsp;&amp;nbsp;&lt;/p&gt;,&lt;p&gt;Adding impurity in the substance&lt;/p&gt;,&lt;p&gt;Changing the dimensions&lt;/p&gt;,&lt;p&gt;Change of temperature&lt;/p&gt;,3,1,
&lt;p&gt;The bulk modulus of a fluid is inversely proportional to the&lt;/p&gt;,&lt;p&gt;Change in pressure&lt;/p&gt;,&lt;p&gt;Volume of the fluid&amp;nbsp;&amp;nbsp;&lt;/p&gt;,&lt;p&gt;Density of the fluid&lt;/p&gt;,&lt;p&gt;Change in its volume&lt;/p&gt;,4,1,
&lt;p&gt;The formula we use to find stress is&lt;/p&gt;,&lt;p&gt;area / force&lt;/p&gt;,&lt;p&gt;force / area&lt;/p&gt;,&lt;p&gt;force + area&lt;/p&gt;,&lt;p&gt;force &amp;times; area&lt;/p&gt;,2,1,
&lt;p&gt;The unit of strain is&lt;/p&gt;,&lt;p&gt;newton&lt;/p&gt;,&lt;p&gt;joule&lt;/p&gt;,&lt;p&gt;pascal&lt;/p&gt;,&lt;p&gt;no unit&lt;/p&gt;,4,1,
"&lt;p&gt;A comparison of such a change caused by the stress with the original shape, volume or length is called&lt;/p&gt;",&lt;p&gt;stress&lt;/p&gt;,&lt;p&gt;strain&lt;/p&gt;,&lt;p&gt;density&lt;/p&gt;,&lt;p&gt;elasticity&lt;/p&gt;,2,1,
&lt;p&gt;The property of a body to restore its original size and shape as the deforming force ceases to act is called&lt;/p&gt;,&lt;p&gt;energy&lt;/p&gt;,&lt;p&gt;floating&lt;/p&gt;,&lt;p&gt;elasticity&lt;/p&gt;,&lt;p&gt;density&lt;/p&gt;,3,1,
&lt;p&gt;If stress produces a change in the length of an object then the strain is termed as&lt;/p&gt;,&lt;p&gt;zero strain&lt;/p&gt;,&lt;p&gt;constant strain&lt;/p&gt;,&lt;p&gt;former strain&lt;/p&gt;,&lt;p&gt;tensile strain&lt;/p&gt;,4,1,
"&lt;p&gt;deformation occurs when an object is subjected to a force parallel to one of its faces while the opposite face is held fixed by another force. In this situation, the stress is called&lt;/p&gt;",&lt;p&gt;young modulus&lt;/p&gt;,&lt;p&gt;shear stress.&lt;/p&gt;,&lt;p&gt;shear strength&lt;/p&gt;,&lt;p&gt;Bulk Street&lt;/p&gt;,2,1,
&lt;p&gt;Longitudinal stress is also known as&lt;/p&gt;,&lt;p&gt;zero strain&lt;/p&gt;,&lt;p&gt;constant strain&lt;/p&gt;,&lt;p&gt;former strain&lt;/p&gt;,&lt;p&gt;tensile strain&lt;/p&gt;,4,1,
&lt;p&gt;&lt;math xmlns=&quot;http://www.w3.org/1998/Math/MathML&quot;&gt;&lt;mfrac bevelled=&quot;true&quot;&gt;&lt;mi&gt;N&lt;/mi&gt;&lt;msup&gt;&lt;mi&gt;m&lt;/mi&gt;&lt;mn&gt;2&lt;/mn&gt;&lt;/msup&gt;&lt;/mfrac&gt;&lt;/math&gt;&amp;nbsp;is a unit of&lt;/p&gt;,&lt;p&gt;stress&lt;/p&gt;,&lt;p&gt;strain&lt;/p&gt;,&lt;p&gt;force&lt;/p&gt;,&lt;p&gt;accelaration&lt;/p&gt;,1,1,
&lt;p&gt;Which of the following is hook&amp;#39;s law&lt;/p&gt;,&lt;p&gt;ma&lt;/p&gt;,&lt;p&gt;Ra&lt;/p&gt;,&lt;p&gt;ke&lt;/p&gt;,&lt;p&gt;wr&lt;/p&gt;,3,1,
&lt;p&gt;momentum can be represented by&lt;/p&gt;,&lt;p&gt;M&lt;/p&gt;,&lt;p&gt;K&lt;/p&gt;,&lt;p&gt;P&lt;/p&gt;,&lt;p&gt;U&lt;/p&gt;,3,1,
&lt;p&gt;Which one of the following devices acts on the principle of circular motion?&lt;/p&gt;,&lt;p&gt;Centrifuge&lt;/p&gt;,&lt;p&gt;Screw Gauge&lt;/p&gt;,&lt;p&gt;Ruler&lt;/p&gt;,&lt;p&gt;Vernier calipers&lt;/p&gt;,2,1,
&lt;p&gt;At which position in vertical circular motion is the tension in the string minimum?&lt;/p&gt;,&lt;p&gt;At the highest position&lt;/p&gt;,&lt;p&gt;At the lowest position&lt;/p&gt;,&lt;p&gt;When the string is horizontal&lt;/p&gt;,&lt;p&gt;At an angle of 35&amp;deg; from the horizontal&lt;/p&gt;,1,1,
"&lt;p&gt;Lead (Pb), Copper (Cu) are examples of&lt;/p&gt;",&lt;p&gt;Ductile substance&lt;/p&gt;,&lt;p&gt;Brittle substance&lt;/p&gt;,&lt;p&gt;non metallic substance&lt;/p&gt;,&lt;p&gt;magnetic&lt;/p&gt;,1,1,
"&lt;p&gt;Glass, high carbon steel brass, bronze are examples of&lt;/p&gt;",&lt;p&gt;Brittle substance&lt;/p&gt;,&lt;p&gt;Ductile substance&lt;/p&gt;,&lt;p&gt;Thermal substance&lt;/p&gt;,&lt;p&gt;metallic substance&lt;/p&gt;,1,1,
&lt;p&gt;which of the following is not type of elastic modulus&lt;/p&gt;,&lt;p&gt;Share modulus&lt;/p&gt;,&lt;p&gt;young modulus&lt;/p&gt;,&lt;p&gt;Bulk modulus&lt;/p&gt;,&lt;p&gt;heat modulus&lt;/p&gt;,4,1,
&lt;p&gt;Young modulus is the measure of the resistance of a .............. to a change in its length&lt;/p&gt;,&lt;p&gt;liquid&lt;/p&gt;,&lt;p&gt;solid&lt;/p&gt;,&lt;p&gt;gas&lt;/p&gt;,&lt;p&gt;vapour&lt;/p&gt;,2,1,
&lt;p&gt;..............is a point after elastic limit where small increase in load will produce a large&lt;/p&gt;,&lt;p&gt;breakingl point&lt;/p&gt;,&lt;p&gt;share point&lt;/p&gt;,&lt;p&gt;peak point&lt;/p&gt;,&lt;p&gt;Yield point&lt;/p&gt;,4,1,
&lt;p&gt;extension Fracture or ..........&amp;nbsp; is a point where the elastic material can no longer withstand any increase in load.&lt;/p&gt;,&lt;p&gt;breaking point&lt;/p&gt;,&lt;p&gt;Yield point&lt;/p&gt;,&lt;p&gt;peak point&lt;/p&gt;,&lt;p&gt;share point&lt;/p&gt;,1,1,
&lt;p&gt;Which type of waves require a material medium for their propagation?&lt;/p&gt;,&lt;p&gt;Mechanical waves&lt;/p&gt;,&lt;p&gt;Electromagnetic waves&lt;/p&gt;,&lt;p&gt;Transverse waves&lt;/p&gt;,&lt;p&gt;Longitudinal waves&lt;/p&gt;,1,1,
&lt;p&gt;Which type of waves do not require a material medium for propagation?&lt;/p&gt;,&lt;p&gt;Mechanical waves&lt;/p&gt;,&lt;p&gt;Electromagnetic waves&lt;/p&gt;,&lt;p&gt;Transverse waves&lt;/p&gt;,&lt;p&gt;Longitudinal waves&lt;/p&gt;,2,1,
&lt;p&gt;What is the direction of particle vibration in a transverse wave?&lt;/p&gt;,&lt;p&gt;Perpendicular to the direction of wave propagation&lt;/p&gt;,&lt;p&gt;Parallel to the direction of wave propagation&lt;/p&gt;,&lt;p&gt;Opposite to the direction of wave propagation&lt;/p&gt;,&lt;p&gt;Random with respect to the direction of wave propagation&lt;/p&gt;,1,1,
&lt;p&gt;What is the direction of particle vibration in a longitudinal wave?&lt;/p&gt;,&lt;p&gt;Perpendicular to the direction of wave propagation&lt;/p&gt;,&lt;p&gt;Parallel to the direction of wave propagation&lt;/p&gt;,&lt;p&gt;Opposite to the direction of wave propagation&lt;/p&gt;,&lt;p&gt;Random with respect to the direction of wave propagation&lt;/p&gt;,2,1,
&lt;p&gt;Which waves require a medium for particle vibration?&lt;/p&gt;,&lt;p&gt;Transverse waves&lt;/p&gt;,&lt;p&gt;Longitudinal waves&lt;/p&gt;,&lt;p&gt;Electromagnetic waves&lt;/p&gt;,&lt;p&gt;None of the above&lt;/p&gt;,2,1,
&lt;p&gt;What are the regions of maximum upward displacement in a transverse wave called?&lt;/p&gt;,&lt;p&gt;Crests&lt;/p&gt;,&lt;p&gt;Troughs&lt;/p&gt;,&lt;p&gt;Compressions&lt;/p&gt;,&lt;p&gt;Rarefactions&lt;/p&gt;,1,1,
&lt;p&gt;What are the regions of maximum downward displacement in a transverse wave called?&lt;/p&gt;,&lt;p&gt;Crests&lt;/p&gt;,&lt;p&gt;Troughs&lt;/p&gt;,&lt;p&gt;Compressions&lt;/p&gt;,&lt;p&gt;Rarefactions&lt;/p&gt;,2,1,
&lt;p&gt;What is the maximum displacement of particles from their mean position called?&lt;/p&gt;,&lt;p&gt;Wavelength&lt;/p&gt;,&lt;p&gt;Amplitude&lt;/p&gt;,&lt;p&gt;Frequency&lt;/p&gt;,&lt;p&gt;Period&lt;/p&gt;,2,1,
&lt;p&gt;What is the time required for a particle to perform one complete cycle called?&lt;/p&gt;,&lt;p&gt;Wavelength&lt;/p&gt;,&lt;p&gt;Amplitude&lt;/p&gt;,&lt;p&gt;Frequency&lt;/p&gt;,&lt;p&gt;Period&lt;/p&gt;,4,1,
&lt;p&gt;What is the number of cycles performed by a wave per second called?&lt;/p&gt;,&lt;p&gt;Wavelength&lt;/p&gt;,&lt;p&gt;Amplitude&lt;/p&gt;,&lt;p&gt;Frequency&lt;/p&gt;,&lt;p&gt;Period&lt;/p&gt;,3,1,
&lt;p&gt;What is the distance between successive crests or troughs called?&lt;/p&gt;,&lt;p&gt;Wavelength&lt;/p&gt;,&lt;p&gt;Amplitude&lt;/p&gt;,&lt;p&gt;Frequency&lt;/p&gt;,&lt;p&gt;Period&lt;/p&gt;,1,1,
&lt;p&gt;What is the distance traveled by the wave per second called?&lt;/p&gt;,&lt;p&gt;Wavelength&lt;/p&gt;,&lt;p&gt;Amplitude&lt;/p&gt;,&lt;p&gt;Frequency&lt;/p&gt;,&lt;p&gt;Wave speed&lt;/p&gt;,4,1,
&lt;p&gt;The frequency of a wave can be given in terms of the wavelength and _______.&lt;/p&gt;,&lt;p&gt;Period&lt;/p&gt;,&lt;p&gt;Amplitude&lt;/p&gt;,&lt;p&gt;Speed&lt;/p&gt;,&lt;p&gt;Phase constant&lt;/p&gt;,1,1,
&lt;p&gt;The speed of a wave can be given in terms of the frequency and _______.&lt;/p&gt;,&lt;p&gt;Period&lt;/p&gt;,&lt;p&gt;Amplitude&lt;/p&gt;,&lt;p&gt;Wavelength&lt;/p&gt;,&lt;p&gt;Phase constant&lt;/p&gt;,3,1,
&lt;p&gt;What is the equation for a traveling wave in terms of a sine function?&lt;/p&gt;,&lt;p&gt;y = Asin&amp;omega;t&lt;/p&gt;,&lt;p&gt;y = Acos&amp;omega;t&lt;/p&gt;,&lt;p&gt;y = Asin(kx)&lt;/p&gt;,&lt;p&gt;y = Acos(kx)&lt;/p&gt;,1,1,
&lt;p&gt;What is the equation for a traveling wave that does not start from the origin?&lt;/p&gt;,&lt;p&gt;y = Asin&amp;omega;t&lt;/p&gt;,&lt;p&gt;y = Acos&amp;omega;t&lt;/p&gt;,&lt;p&gt;y = Asin(&amp;omega;t - &amp;phi;)&lt;/p&gt;,&lt;p&gt;y = Acos(&amp;omega;t - &amp;phi;)&lt;/p&gt;,3,1,
&lt;p&gt;Which type of waves are obtained when two progressive waves of equal amplitude and frequency combine together?&lt;/p&gt;,&lt;p&gt;Transverse waves&lt;/p&gt;,&lt;p&gt;Longitudinal waves&lt;/p&gt;,&lt;p&gt;Mechanical waves&lt;/p&gt;,&lt;p&gt;Stationary waves&lt;/p&gt;,4,1,
&lt;p&gt;What are the points in a stationary wave that are permanently at rest called?&lt;/p&gt;,&lt;p&gt;Crests&lt;/p&gt;,&lt;p&gt;Troughs&lt;/p&gt;,&lt;p&gt;Nodes&lt;/p&gt;,&lt;p&gt;Antinodes&lt;/p&gt;,3,1,
&lt;p&gt;What is the definition of a wave?&lt;/p&gt;,&lt;p&gt;A disturbance that causes permanent displacement of the medium&lt;/p&gt;,&lt;p&gt;A disturbance that transfers energy without causing permanent displacement of the medium&lt;/p&gt;,&lt;p&gt;A disturbance that travels through a vacuum&lt;/p&gt;,&lt;p&gt;A disturbance that requires a material medium for propagation&lt;/p&gt;,2,1,
&lt;p&gt;How are particles of the medium displaced in a transverse wave?&lt;/p&gt;,&lt;p&gt;Parallel to the direction of wave propagation&lt;/p&gt;,&lt;p&gt;Perpendicular to the direction of wave propagation&lt;/p&gt;,&lt;p&gt;Randomly in all directions&lt;/p&gt;,&lt;p&gt;None of the above&lt;/p&gt;,2,1,
&lt;p&gt;What is the amplitude of a wave?&lt;/p&gt;,&lt;p&gt;The time required for a particle to complete one cycle&lt;/p&gt;,&lt;p&gt;The maximum displacement of particles from their mean position&lt;/p&gt;,&lt;p&gt;The number of cycles performed by the wave per second&lt;/p&gt;,&lt;p&gt;The distance between two successive crests or troughs&lt;/p&gt;,2,1,
&lt;p&gt;What is the wave speed?&lt;/p&gt;,&lt;p&gt;The time required for a particle to complete one cycle&lt;/p&gt;,&lt;p&gt;The maximum displacement of particles from their mean position&lt;/p&gt;,&lt;p&gt;The number of cycles performed by the wave per second&lt;/p&gt;,&lt;p&gt;The distance traveled by the wave per second&lt;/p&gt;,4,1,
&lt;p&gt;How can frequency be calculated using wavelength?&lt;/p&gt;,&lt;p&gt;Frequency = wavelength / period&lt;/p&gt;,&lt;p&gt;Frequency = speed / wavelength&lt;/p&gt;,&lt;p&gt;Frequency = period * wavelength&lt;/p&gt;,&lt;p&gt;Frequency = amplitude / wavelength&lt;/p&gt;,1,1,
&lt;p&gt;How can wave speed be calculated using frequency and wavelength?&lt;/p&gt;,&lt;p&gt;Wave speed = frequency / wavelength&lt;/p&gt;,&lt;p&gt;Wave speed = frequency * wavelength&lt;/p&gt;,&lt;p&gt;Wave speed = wavelength / frequency&lt;/p&gt;,&lt;p&gt;Wave speed = amplitude * wavelength&lt;/p&gt;,2,1,
&lt;p&gt;What are the points in a stationary wave that vibrate with maximum amplitude called?&lt;/p&gt;,&lt;p&gt;Crests&lt;/p&gt;,&lt;p&gt;Troughs&lt;/p&gt;,&lt;p&gt;Nodes&lt;/p&gt;,&lt;p&gt;Antinodes&lt;/p&gt;,4,1,
&lt;p&gt;Sound waves are an example of _______ waves.&lt;/p&gt;,&lt;p&gt;Transverse&lt;/p&gt;,&lt;p&gt;Longitudinal&lt;/p&gt;,&lt;p&gt;Electromagnetic&lt;/p&gt;,&lt;p&gt;Mechanical&lt;/p&gt;,4,1,
&lt;p&gt;&amp;nbsp;What type of waves propagate through adiabatic compression and decompression?&lt;/p&gt;,&lt;p&gt;Transverse waves&lt;/p&gt;,&lt;p&gt;Longitudinal waves&lt;/p&gt;,&lt;p&gt;Electromagnetic waves&lt;/p&gt;,&lt;p&gt;acoustics&lt;/p&gt;,4,1,
&lt;p&gt;What is the change in frequency heard by an observer due to relative motion between a source of sound waves and the observer called?&lt;/p&gt;,&lt;p&gt;Reflection&lt;/p&gt;,&lt;p&gt;Refraction&lt;/p&gt;,&lt;p&gt;Diffraction&lt;/p&gt;,&lt;p&gt;Doppler Effect&lt;/p&gt;,4,1,
&lt;p&gt;The Doppler Effect is observed in which type of waves?&lt;/p&gt;,&lt;p&gt;Transverse waves&lt;/p&gt;,&lt;p&gt;Longitudinal waves&lt;/p&gt;,&lt;p&gt;Electromagnetic waves&lt;/p&gt;,&lt;p&gt;Mechanical waves&lt;/p&gt;,4,1,
&lt;p&gt;Which of the following is an example of a mechanical wave?&lt;/p&gt;,&lt;p&gt;Radio waves&lt;/p&gt;,&lt;p&gt;Light waves&lt;/p&gt;,&lt;p&gt;Water waves&lt;/p&gt;,&lt;p&gt;X-rays&lt;/p&gt;,3,1,
&lt;p&gt;Light waves are classified as:&lt;/p&gt;,&lt;p&gt;Transverse waves&lt;/p&gt;,&lt;p&gt;Longitudinal waves&lt;/p&gt;,&lt;p&gt;Mechanical waves&lt;/p&gt;,&lt;p&gt;None of the above&lt;/p&gt;,4,1,
&lt;p&gt;Sound waves are an example of:&lt;/p&gt;,&lt;p&gt;Transverse waves&lt;/p&gt;,&lt;p&gt;Longitudinal waves&lt;/p&gt;,&lt;p&gt;Mechanical waves&lt;/p&gt;,&lt;p&gt;Electromagnetic waves&lt;/p&gt;,3,1,
&lt;p&gt;&amp;nbsp;How are compressions and rarefactions represented in a longitudinal wave?&lt;/p&gt;,&lt;p&gt;Crests and troughs&lt;/p&gt;,&lt;p&gt;Peaks and valleys&lt;/p&gt;,&lt;p&gt;Upward and downward displacements&lt;/p&gt;,&lt;p&gt;None of the above&lt;/p&gt;,3,1,
&lt;p&gt;&amp;nbsp;The maximum displacement of particles from their mean position is called the:&lt;/p&gt;,&lt;p&gt;Frequency&lt;/p&gt;,&lt;p&gt;Wavelength&lt;/p&gt;,&lt;p&gt;Amplitude&lt;/p&gt;,&lt;p&gt;Period&lt;/p&gt;,3,1,
&lt;p&gt;What is the distance between successive crests or troughs called?&lt;/p&gt;&lt;p&gt;&amp;nbsp;&lt;/p&gt;,&lt;p&gt;Wavelength&lt;/p&gt;,&lt;p&gt;Amplitude&lt;/p&gt;,&lt;p&gt;Frequency&lt;/p&gt;,&lt;p&gt;Period&lt;/p&gt;,1,1,
&lt;p&gt;What type of waves that requires material medium for its propagation?&lt;/p&gt;,&lt;p&gt;Transverse waves&lt;/p&gt;,&lt;p&gt;Longitudinal waves&lt;/p&gt;,&lt;p&gt;Electromagnetic waves&lt;/p&gt;,&lt;p&gt;mechanical waves&lt;/p&gt;,4,1,
&lt;p&gt;Which of these are properties of waves&lt;/p&gt;,&lt;p&gt;Reflection&lt;/p&gt;,&lt;p&gt;Diffraction&lt;/p&gt;,&lt;p&gt;Refraction&lt;/p&gt;,&lt;p&gt;All of the above&lt;/p&gt;,4,1,
&lt;p&gt;Which of these is not property of waves&lt;/p&gt;,&lt;p&gt;dilusion&lt;/p&gt;,&lt;p&gt;interference&lt;/p&gt;,&lt;p&gt;polarization&lt;/p&gt;,&lt;p&gt;reflection&lt;/p&gt;,1,1,
&lt;p&gt;Waves that spread out continuously are called traveling waves or&lt;/p&gt;,&lt;p&gt;reference&lt;/p&gt;,&lt;p&gt;progressive&lt;/p&gt;,&lt;p&gt;polarization&lt;/p&gt;,&lt;p&gt;density&lt;/p&gt;,2,1,
&lt;p&gt;stationary wave is a wave obtained when two progressive waves of equal amplitude and frequencyare :&lt;/p&gt;,&lt;p&gt;in opposite direction and combined together&lt;/p&gt;,&lt;p&gt;in same direction and combined together&lt;/p&gt;,&lt;p&gt;in opposite direction and not combined together&lt;/p&gt;,&lt;p&gt;in same direction but not combined together&lt;/p&gt;,1,1,
&lt;p&gt;transverse wave as we have seen can be represented by a series of&lt;/p&gt;,&lt;p&gt;magnitude and direction&lt;/p&gt;,&lt;p&gt;interference from one another&lt;/p&gt;,&lt;p&gt;crest and trough.&lt;/p&gt;,&lt;p&gt;crest and crest&lt;/p&gt;,3,1,
&lt;p&gt;&amp;nbsp;Electromagnetic waves are waves that ............a material medium for propagation&lt;/p&gt;,&lt;p&gt;do not require&lt;/p&gt;,&lt;p&gt;require&lt;/p&gt;,&lt;p&gt;need&lt;/p&gt;,&lt;p&gt;none of the above&lt;/p&gt;,1,1,
&lt;p&gt;All of the following are examples of electromagnetic waves except&lt;/p&gt;&lt;p&gt;&amp;nbsp;&lt;/p&gt;,"&lt;p&gt;light rays,&lt;/p&gt;","&lt;p&gt;waves,&lt;/p&gt;",&lt;p&gt;sound waves&lt;/p&gt;,&lt;p&gt;Radio waves&lt;/p&gt;,3,1,
"&lt;p&gt;Mechanical waves are waves that ........... a material medium for their propagation,&amp;nbsp;&lt;/p&gt;",&lt;p&gt;do not require&lt;/p&gt;,&lt;p&gt;require&lt;/p&gt;,&lt;p&gt;need&lt;/p&gt;,&lt;p&gt;none of the above&lt;/p&gt;,2,1,
&lt;p&gt;Which of the following is not example of mechanical waves?&lt;/p&gt;,&lt;p&gt;water waves&lt;/p&gt;,&lt;p&gt;generated in a spring or rope&lt;/p&gt;,&lt;p&gt;sound waves&lt;/p&gt;,&lt;p&gt;light waves&lt;/p&gt;,4,1,
&lt;p&gt;The force that keeps the body moving in circular motion is _______&lt;/p&gt;,&lt;p&gt;Centripetal force&lt;/p&gt;,&lt;p&gt;Centrifugal force&lt;/p&gt;,&lt;p&gt;Force of gravity&lt;/p&gt;,&lt;p&gt;Reaction forces&lt;/p&gt;,1,1,
&lt;p&gt;The centrifugal force always acts _____&lt;/p&gt;,&lt;p&gt;Towards the center&lt;/p&gt;,&lt;p&gt;Away from the center&lt;/p&gt;,&lt;p&gt;In tangential direction&lt;/p&gt;,&lt;p&gt;Outside of the plane of motion&lt;/p&gt;,2,1,
&lt;p&gt;A body is moving in a vertical circular motion. Which one of the following forces does it not experience?&lt;/p&gt;,&lt;p&gt;Force of gravity&lt;/p&gt;,&lt;p&gt;Centripetal force&lt;/p&gt;,&lt;p&gt;Normal reaction force&lt;/p&gt;,&lt;p&gt;Centrifugal force&lt;/p&gt;,3,1,
&lt;p&gt;&amp;nbsp;Which one of the following devices acts on the principle of circular motion?&lt;/p&gt;,&lt;p&gt;Centrifuge&lt;/p&gt;,&lt;p&gt;Screw Gauge&lt;/p&gt;,&lt;p&gt;Ruler&lt;/p&gt;,&lt;p&gt;Vernier calipers&lt;/p&gt;,1,1,
&lt;p&gt;At which position in vertical circular motion is the tension in the string minimum?&lt;/p&gt;,&lt;p&gt;At the highest position&lt;/p&gt;,&lt;p&gt;At the lowest position&lt;/p&gt;,&lt;p&gt;When the string is horizontal&lt;/p&gt;,&lt;p&gt;At an angle of 35 degress from the horizontal&lt;/p&gt;,1,1,
&lt;p&gt;The mathematical expression for centripetal force is ______&lt;/p&gt;,&lt;p&gt;&lt;math xmlns=&quot;http://www.w3.org/1998/Math/MathML&quot;&gt;&lt;mi&gt;m&lt;/mi&gt;&lt;msup&gt;&lt;mi&gt;v&lt;/mi&gt;&lt;mn&gt;2&lt;/mn&gt;&lt;/msup&gt;&lt;mo&gt;/&lt;/mo&gt;&lt;mi&gt;r&lt;/mi&gt;&lt;/math&gt;&lt;/p&gt;,&lt;p&gt;&lt;math xmlns=&quot;http://www.w3.org/1998/Math/MathML&quot;&gt;&lt;mi&gt;m&lt;/mi&gt;&lt;mi&gt;v&lt;/mi&gt;&lt;mo&gt;/&lt;/mo&gt;&lt;mi&gt;r&lt;/mi&gt;&lt;/math&gt;&lt;/p&gt;,&lt;p&gt;&lt;math xmlns=&quot;http://www.w3.org/1998/Math/MathML&quot;&gt;&lt;msup&gt;&lt;mi&gt;v&lt;/mi&gt;&lt;mn&gt;2&lt;/mn&gt;&lt;/msup&gt;&lt;mo&gt;/&lt;/mo&gt;&lt;mi&gt;r&lt;/mi&gt;&lt;/math&gt;&lt;/p&gt;,&lt;p&gt;&lt;math xmlns=&quot;http://www.w3.org/1998/Math/MathML&quot;&gt;&lt;mi&gt;m&lt;/mi&gt;&lt;msup&gt;&lt;mi&gt;v&lt;/mi&gt;&lt;mn&gt;3&lt;/mn&gt;&lt;/msup&gt;&lt;mo&gt;/&lt;/mo&gt;&lt;mi&gt;r&lt;/mi&gt;&lt;/math&gt;&lt;/p&gt;,1,1,
&lt;p&gt;The speed of light is ________.&lt;/p&gt;,"&lt;p&gt;299,792,458 m/s&lt;/p&gt;","&lt;p&gt;299,792,458 km/s&lt;/p&gt;","&lt;p&gt;499,792,458 km/s&lt;/p&gt;","&lt;p&gt;499,792,458 m/s&lt;/p&gt;",1,1,
&lt;p&gt;A newton is the force:&lt;/p&gt;,&lt;p&gt;of gravity on a 1 kg body&lt;/p&gt;,&lt;p&gt;of gravity on a 1 g body&lt;/p&gt;,&lt;p&gt;that gives a 1 g body an acceleration of 1&amp;nbsp;&lt;math xmlns=&quot;http://www.w3.org/1998/Math/MathML&quot;&gt;&lt;mi&gt;c&lt;/mi&gt;&lt;mi&gt;m&lt;/mi&gt;&lt;mo&gt;/&lt;/mo&gt;&lt;msup&gt;&lt;mi&gt;s&lt;/mi&gt;&lt;mn&gt;2&lt;/mn&gt;&lt;/msup&gt;&lt;/math&gt;&lt;/p&gt;,&lt;p&gt;that gives a 1 kg body an acceleration of 1&lt;b&gt;&amp;nbsp;&lt;math xmlns=&quot;http://www.w3.org/1998/Math/MathML&quot;&gt;&lt;mi&gt;m&lt;/mi&gt;&lt;mo&gt;/&lt;/mo&gt;&lt;msup&gt;&lt;mi&gt;s&lt;/mi&gt;&lt;mn&gt;2&lt;/mn&gt;&lt;/msup&gt;&lt;/math&gt;&lt;/b&gt;&lt;/p&gt;,4,1,
&lt;p&gt;A force of 1N is:&lt;/p&gt;,&lt;p&gt;1 kg/s&lt;/p&gt;,&lt;p&gt;1 kg &amp;middot; m/s&lt;/p&gt;,&lt;p&gt;&lt;b&gt;1 kg &amp;middot; m/&lt;math xmlns=&quot;http://www.w3.org/1998/Math/MathML&quot;&gt;&lt;msup&gt;&lt;mi&gt;s&lt;/mi&gt;&lt;mn&gt;2&lt;/mn&gt;&lt;/msup&gt;&lt;/math&gt;&lt;/b&gt;&lt;/p&gt;,&lt;p&gt;1 kg &amp;middot;&amp;nbsp;&lt;math xmlns=&quot;http://www.w3.org/1998/Math/MathML&quot;&gt;&lt;msup&gt;&lt;mi&gt;m&lt;/mi&gt;&lt;mn&gt;2&lt;/mn&gt;&lt;/msup&gt;&lt;mo&gt;/&lt;/mo&gt;&lt;mi&gt;s&lt;/mi&gt;&lt;/math&gt;&lt;/p&gt;,3,1,
&lt;p&gt;The dimension of electromotive force are `&lt;/p&gt;,&lt;p&gt;&lt;math xmlns=&quot;http://www.w3.org/1998/Math/MathML&quot;&gt;&lt;mi&gt;M&lt;/mi&gt;&lt;msup&gt;&lt;mi&gt;L&lt;/mi&gt;&lt;mn&gt;2&lt;/mn&gt;&lt;/msup&gt;&lt;msup&gt;&lt;mi&gt;T&lt;/mi&gt;&lt;mrow&gt;&lt;mo&gt;-&lt;/mo&gt;&lt;mn&gt;3&lt;/mn&gt;&lt;/mrow&gt;&lt;/msup&gt;&lt;msup&gt;&lt;mi&gt;I&lt;/mi&gt;&lt;mrow&gt;&lt;mo&gt;-&lt;/mo&gt;&lt;mn&gt;1&lt;/mn&gt;&lt;/mrow&gt;&lt;/msup&gt;&lt;/math&gt;&lt;/p&gt;,&lt;p&gt;&lt;math xmlns=&quot;http://www.w3.org/1998/Math/MathML&quot;&gt;&lt;mi&gt;M&lt;/mi&gt;&lt;msup&gt;&lt;mi&gt;L&lt;/mi&gt;&lt;mn&gt;2&lt;/mn&gt;&lt;/msup&gt;&lt;msup&gt;&lt;mi&gt;T&lt;/mi&gt;&lt;mrow&gt;&lt;mo&gt;-&lt;/mo&gt;&lt;mn&gt;3&lt;/mn&gt;&lt;/mrow&gt;&lt;/msup&gt;&lt;msup&gt;&lt;mi&gt;I&lt;/mi&gt;&lt;mrow&gt;&lt;mo&gt;-&lt;/mo&gt;&lt;mn&gt;2&lt;/mn&gt;&lt;/mrow&gt;&lt;/msup&gt;&lt;/math&gt;&lt;/p&gt;,&lt;p&gt;&lt;math xmlns=&quot;http://www.w3.org/1998/Math/MathML&quot;&gt;&lt;msup&gt;&lt;mi&gt;M&lt;/mi&gt;&lt;mn&gt;2&lt;/mn&gt;&lt;/msup&gt;&lt;mi&gt;L&lt;/mi&gt;&lt;msup&gt;&lt;mi&gt;T&lt;/mi&gt;&lt;mrow&gt;&lt;mo&gt;-&lt;/mo&gt;&lt;mn&gt;2&lt;/mn&gt;&lt;/mrow&gt;&lt;/msup&gt;&lt;msup&gt;&lt;mi&gt;I&lt;/mi&gt;&lt;mrow&gt;&lt;mo&gt;-&lt;/mo&gt;&lt;mn&gt;1&lt;/mn&gt;&lt;/mrow&gt;&lt;/msup&gt;&lt;/math&gt;&lt;/p&gt;,&lt;p&gt;&lt;math xmlns=&quot;http://www.w3.org/1998/Math/MathML&quot;&gt;&lt;msup&gt;&lt;mi&gt;M&lt;/mi&gt;&lt;mn&gt;2&lt;/mn&gt;&lt;/msup&gt;&lt;msup&gt;&lt;mi&gt;L&lt;/mi&gt;&lt;mn&gt;2&lt;/mn&gt;&lt;/msup&gt;&lt;msup&gt;&lt;mi&gt;T&lt;/mi&gt;&lt;mrow&gt;&lt;mo&gt;-&lt;/mo&gt;&lt;mn&gt;1&lt;/mn&gt;&lt;/mrow&gt;&lt;/msup&gt;&lt;msup&gt;&lt;mi&gt;I&lt;/mi&gt;&lt;mrow&gt;&lt;mo&gt;-&lt;/mo&gt;&lt;mn&gt;1&lt;/mn&gt;&lt;/mrow&gt;&lt;/msup&gt;&lt;/math&gt;&lt;/p&gt;,1,1,
&lt;p&gt;Which of the following is the dimension of pressure?&lt;/p&gt;,&lt;p&gt;&lt;math xmlns=&quot;http://www.w3.org/1998/Math/MathML&quot;&gt;&lt;mi&gt;M&lt;/mi&gt;&lt;msup&gt;&lt;mi&gt;L&lt;/mi&gt;&lt;mrow&gt;&lt;mo&gt;-&lt;/mo&gt;&lt;mn&gt;1&lt;/mn&gt;&lt;/mrow&gt;&lt;/msup&gt;&lt;msup&gt;&lt;mi&gt;T&lt;/mi&gt;&lt;mrow&gt;&lt;mo&gt;-&lt;/mo&gt;&lt;mn&gt;2&lt;/mn&gt;&lt;/mrow&gt;&lt;/msup&gt;&lt;/math&gt;&lt;/p&gt;,&lt;p&gt;&lt;math xmlns=&quot;http://www.w3.org/1998/Math/MathML&quot;&gt;&lt;mi&gt;M&lt;/mi&gt;&lt;mi&gt;L&lt;/mi&gt;&lt;msup&gt;&lt;mi&gt;T&lt;/mi&gt;&lt;mrow&gt;&lt;mo&gt;-&lt;/mo&gt;&lt;mn&gt;2&lt;/mn&gt;&lt;/mrow&gt;&lt;/msup&gt;&lt;/math&gt;&lt;/p&gt;,&lt;p&gt;&lt;math xmlns=&quot;http://www.w3.org/1998/Math/MathML&quot;&gt;&lt;mi&gt;M&lt;/mi&gt;&lt;msup&gt;&lt;mi&gt;L&lt;/mi&gt;&lt;mn&gt;2&lt;/mn&gt;&lt;/msup&gt;&lt;msup&gt;&lt;mi&gt;T&lt;/mi&gt;&lt;mrow&gt;&lt;mo&gt;-&lt;/mo&gt;&lt;mn&gt;3&lt;/mn&gt;&lt;/mrow&gt;&lt;/msup&gt;&lt;/math&gt;&lt;/p&gt;,&lt;p&gt;&lt;math xmlns=&quot;http://www.w3.org/1998/Math/MathML&quot;&gt;&lt;mi&gt;M&lt;/mi&gt;&lt;msup&gt;&lt;mi&gt;L&lt;/mi&gt;&lt;mrow&gt;&lt;mo&gt;-&lt;/mo&gt;&lt;mn&gt;3&lt;/mn&gt;&lt;/mrow&gt;&lt;/msup&gt;&lt;/math&gt;&lt;/p&gt;,1,1,
&lt;p&gt;&lt;b&gt;&amp;nbsp;&lt;/b&gt;A gram is:&lt;/p&gt;,&lt;p&gt;&lt;math xmlns=&quot;http://www.w3.org/1998/Math/MathML&quot;&gt;&lt;msup&gt;&lt;mn&gt;10&lt;/mn&gt;&lt;mrow&gt;&lt;mo&gt;-&lt;/mo&gt;&lt;mn&gt;6&lt;/mn&gt;&lt;/mrow&gt;&lt;/msup&gt;&lt;mi&gt;k&lt;/mi&gt;&lt;mi&gt;g&lt;/mi&gt;&lt;/math&gt;&lt;/p&gt;,&lt;p&gt;&lt;math xmlns=&quot;http://www.w3.org/1998/Math/MathML&quot;&gt;&lt;msup&gt;&lt;mn&gt;10&lt;/mn&gt;&lt;mrow&gt;&lt;mo&gt;-&lt;/mo&gt;&lt;mn&gt;3&lt;/mn&gt;&lt;/mrow&gt;&lt;/msup&gt;&lt;mi&gt;k&lt;/mi&gt;&lt;mi&gt;g&lt;/mi&gt;&lt;/math&gt;&lt;/p&gt;,&lt;p&gt;1kg&lt;/p&gt;,&lt;p&gt;&lt;math xmlns=&quot;http://www.w3.org/1998/Math/MathML&quot;&gt;&lt;msup&gt;&lt;mn&gt;10&lt;/mn&gt;&lt;mn&gt;3&lt;/mn&gt;&lt;/msup&gt;&lt;mi&gt;k&lt;/mi&gt;&lt;mi&gt;g&lt;/mi&gt;&lt;/math&gt;&lt;/p&gt;,2,1,
